{
  "forge_marker": 1,
  "defaults": { "model": "cube_all" },
  "variants": {
    "array"         : [{ "textures": { "all": "chisel:blocks/ancient_stone/array"          } }],
    "braid"         : [{ "textures": { "all": "chisel:blocks/ancient_stone/braid"          } }],
    "bricks-chaotic": [{ "textures": { "all": "chisel:blocks/ancient_stone/bricks-chaotic" } }],
    "bricks-cracked": [{ "textures": { "all": "chisel:blocks/ancient_stone/bricks-cracked" } }],
    "bricks-encased": [{ "textures": { "all": "chisel:blocks/ancient_stone/bricks-encased" } }],
    "bricks-small"  : [{ "textures": { "all": "chisel:blocks/ancient_stone/bricks-small"   } }],
    "bricks-soft"   : [{ "textures": { "all": "chisel:blocks/ancient_stone/bricks-soft"    } }],
    "bricks-solid"  : [{ "textures": { "all": "chisel:blocks/ancient_stone/bricks-solid"   } }],
    "bricks-triple" : [{ "textures": { "all": "chisel:blocks/ancient_stone/bricks-triple"  } }],
    "chaotic-medium": [{ "textures": { "all": "chisel:blocks/ancient_stone/chaotic-medium" } }],
    "chaotic-small" : [{ "textures": { "all": "chisel:blocks/ancient_stone/chaotic-small"  } }],
    "circular"      : [{ "textures": { "all": "chisel:blocks/ancient_stone/circular"       } }],
    "circularct"    : [{
      "model"   : "chisel:cube_ctm",
      "textures": {
        "all"          : "chisel:blocks/ancient_stone/circular",
        "connected_tex": "chisel:blocks/ancient_stone/circular-ctm"
      }
    }],
    "cracked"       : [{ "textures": { "all": "chisel:blocks/ancient_stone/cracked"        } }],
    "cuts"          : [{ "textures": { "all": "chisel:blocks/ancient_stone/cuts"           } }],
    "dent"          : [{ "textures": { "all": "chisel:blocks/ancient_stone/dent"           } }],
    "emboss"        : [{ "textures": { "all": "chisel:blocks/ancient_stone/emboss"         } }],
    "french-1"      : [{ "textures": { "all": "chisel:blocks/ancient_stone/french-1"       } }],
    "french-2"      : [{ "textures": { "all": "chisel:blocks/ancient_stone/french-2"       } }],
    "indent"        : [{ "textures": { "all": "chisel:blocks/ancient_stone/indent"         } }],
    "jellybean"     : [{ "textures": { "all": "chisel:blocks/ancient_stone/jellybean"      } }],
    "largeornate"   : [{ "textures": { "all": "chisel:blocks/ancient_stone/largeornate"    } }],
    "layers"        : [{ "textures": { "all": "chisel:blocks/ancient_stone/layers"         } }],
    "marker"        : [{ "textures": { "all": "chisel:blocks/ancient_stone/marker"         } }],
    "mosaic"        : [{ "textures": { "all": "chisel:blocks/ancient_stone/mosaic"         } }],
    "panel"         : [{ "textures": { "all": "chisel:blocks/ancient_stone/panel"          } }],
    "pillar"        : [{
      "model"   : "cube_column",
      "textures": {
        "side": "chisel:blocks/ancient_stone/pillar-side",
        "end" : "chisel:blocks/ancient_stone/pillar-top"
      }
    }],
    "prism"         : [{ "textures": { "all": "chisel:blocks/ancient_stone/prism"          } }],
    "ornate"        : [{ "textures": { "all": "chisel:blocks/ancient_stone/ornate"         } }],
    "road"          : [{ "textures": { "all": "chisel:blocks/ancient_stone/road"           } }],
    "raw"           : [{ "textures": { "all": "chisel:blocks/ancient_stone/raw"            } }],
    "tiles-large"   : [{ "textures": { "all": "chisel:blocks/ancient_stone/tiles-large"    } }],
    "tiles-medium"  : [{ "textures": { "all": "chisel:blocks/ancient_stone/tiles-medium"   } }],
    "tiles-small"   : [{ "textures": { "all": "chisel:blocks/ancient_stone/tiles-small"    } }],
    "twisted"       : [{
      "model"   : "cube_column",
      "textures": {
        "side": "chisel:blocks/ancient_stone/twisted-side",
        "end" : "chisel:blocks/ancient_stone/twisted-top"
      }
    }],
    "slanted"       : [{ "textures": { "all": "chisel:blocks/ancient_stone/slanted"        } }],
    "weaver"        : [{ "textures": { "all": "chisel:blocks/ancient_stone/weaver"         } }],
    "zag"           : [{ "textures": { "all": "chisel:blocks/ancient_stone/zag"            } }]
  }
}