{
  "forge_marker": 1,
  "defaults": { "model": "cube_all" },
  "variants": {
    "array"         : [{ "textures": { "all": "chisel:blocks/basalt/array"          } }],
    "braid"         : [{ "textures": { "all": "chisel:blocks/basalt/braid"          } }],
    "bricks-chaotic": [{ "textures": { "all": "chisel:blocks/basalt/bricks-chaotic" } }],
    "bricks-cracked": [{ "textures": { "all": "chisel:blocks/basalt/bricks-cracked" } }],
    "bricks-encased": [{ "textures": { "all": "chisel:blocks/basalt/bricks-encased" } }],
    "bricks-small"  : [{ "textures": { "all": "chisel:blocks/basalt/bricks-small"   } }],
    "bricks-soft"   : [{ "textures": { "all": "chisel:blocks/basalt/bricks-soft"    } }],
    "bricks-solid"  : [{ "textures": { "all": "chisel:blocks/basalt/bricks-solid"   } }],
    "bricks-triple" : [{ "textures": { "all": "chisel:blocks/basalt/bricks-triple"  } }],
    "chaotic-medium": [{ "textures": { "all": "chisel:blocks/basalt/chaotic-medium" } }],
    "chaotic-small" : [{ "textures": { "all": "chisel:blocks/basalt/chaotic-small"  } }],
    "circular"      : [{ "textures": { "all": "chisel:blocks/basalt/circular"       } }],
    "circularct"    : [{
      "model"   : "chisel:cube_ctm",
      "textures": {
        "all"          : "chisel:blocks/basalt/circular",
        "connected_tex": "chisel:blocks/basalt/circular-ctm"
      }
    }],
    "cracked"       : [{ "textures": { "all": "chisel:blocks/basalt/cracked"        } }],
    "cuts"          : [{ "textures": { "all": "chisel:blocks/basalt/cuts"           } }],
    "dent"          : [{ "textures": { "all": "chisel:blocks/basalt/dent"           } }],
    "emboss"        : [{ "textures": { "all": "chisel:blocks/basalt/emboss"         } }],
    "french-1"      : [{ "textures": { "all": "chisel:blocks/basalt/french-1"       } }],
    "french-2"      : [{ "textures": { "all": "chisel:blocks/basalt/french-2"       } }],
    "indent"        : [{ "textures": { "all": "chisel:blocks/basalt/indent"         } }],
    "jellybean"     : [{ "textures": { "all": "chisel:blocks/basalt/jellybean"      } }],
    "largeornate"   : [{ "textures": { "all": "chisel:blocks/basalt/largeornate"    } }],
    "layers"        : [{ "textures": { "all": "chisel:blocks/basalt/layers"         } }],
    "marker"        : [{ "textures": { "all": "chisel:blocks/basalt/marker"         } }],
    "mosaic"        : [{ "textures": { "all": "chisel:blocks/basalt/mosaic"         } }],
    "panel"         : [{ "textures": { "all": "chisel:blocks/basalt/panel"          } }],
    "pillar"        : [{
      "model"   : "cube_column",
      "textures": {
        "side": "chisel:blocks/basalt/pillar-side",
        "end" : "chisel:blocks/basalt/pillar-top"
      }
    }],
    "prism"         : [{ "textures": { "all": "chisel:blocks/basalt/prism"          } }],
    "ornate"        : [{ "textures": { "all": "chisel:blocks/basalt/ornate"         } }],
    "road"          : [{ "textures": { "all": "chisel:blocks/basalt/road"           } }],
    "raw"           : [{ "textures": { "all": "chisel:blocks/basalt/extra/raw"      } }],
    "tiles-large"   : [{ "textures": { "all": "chisel:blocks/basalt/tiles-large"    } }],
    "tiles-medium"  : [{ "textures": { "all": "chisel:blocks/basalt/tiles-medium"   } }],
    "tiles-small"   : [{ "textures": { "all": "chisel:blocks/basalt/tiles-small"    } }],
    "twisted"       : [{
      "model"   : "cube_column",
      "textures": {
        "side": "chisel:blocks/basalt/twisted-side",
        "end" : "chisel:blocks/basalt/twisted-top"
      }
    }],
    "slanted"       : [{ "textures": { "all": "chisel:blocks/basalt/slanted"        } }],
    "weaver"        : [{ "textures": { "all": "chisel:blocks/basalt/weaver"         } }],
    "zag"           : [{ "textures": { "all": "chisel:blocks/basalt/zag"            } }]
  }
}