{
    "forge_marker": 1,
    "defaults": { "model": "cube_all" },
    "variants": {
        "array"         : [{ "textures": { "all": "chisel:blocks/coal/coal/array"          } }],
        "braid"         : [{ "textures": { "all": "chisel:blocks/coal/coal/braid"          } }],
        "bricks-chaotic": [{ "textures": { "all": "chisel:blocks/coal/coal/bricks-chaotic" } }],
        "bricks-cracked": [{ "textures": { "all": "chisel:blocks/coal/coal/bricks-cracked" } }],
        "bricks-encased": [{ "textures": { "all": "chisel:blocks/coal/coal/bricks-encased" } }],
        "bricks-small"  : [{ "textures": { "all": "chisel:blocks/coal/coal/bricks-small"   } }],
        "bricks-soft"   : [{ "textures": { "all": "chisel:blocks/coal/coal/bricks-soft"    } }],
        "bricks-solid"  : [{ "textures": { "all": "chisel:blocks/coal/coal/bricks-solid"   } }],
        "bricks-triple" : [{ "textures": { "all": "chisel:blocks/coal/coal/bricks-triple"  } }],
        "chaotic-medium": [{ "textures": { "all": "chisel:blocks/coal/coal/chaotic-medium" } }],
        "chaotic-small" : [{ "textures": { "all": "chisel:blocks/coal/coal/chaotic-small"  } }],
        "circular"      : [{ "textures": { "all": "chisel:blocks/coal/coal/circular"       } }],
        "circularct"    : [{
            "model"   : "chisel:cube_ctm",
            "textures": {
                "all"          : "chisel:blocks/coal/coal/circular",
                "connected_tex": "chisel:blocks/coal/coal/circular-ctm"
            }
        }],
        "cracked"       : [{ "textures": { "all": "chisel:blocks/coal/coal/cracked"        } }],
        "cuts"          : [{ "textures": { "all": "chisel:blocks/coal/coal/cuts"           } }],
        "dent"          : [{ "textures": { "all": "chisel:blocks/coal/coal/dent"           } }],
        "emboss"        : [{ "textures": { "all": "chisel:blocks/coal/coal/emboss"         } }],
        "french-1"      : [{ "textures": { "all": "chisel:blocks/coal/coal/french-1"       } }],
        "french-2"      : [{ "textures": { "all": "chisel:blocks/coal/coal/french-2"       } }],
        "indent"        : [{ "textures": { "all": "chisel:blocks/coal/coal/indent"         } }],
        "jellybean"     : [{ "textures": { "all": "chisel:blocks/coal/coal/jellybean"      } }],
        "largeornate"   : [{ "textures": { "all": "chisel:blocks/coal/coal/largeornate"    } }],
        "layers"        : [{ "textures": { "all": "chisel:blocks/coal/coal/layers"         } }],
        "marker"        : [{ "textures": { "all": "chisel:blocks/coal/coal/marker"         } }],
        "mosaic"        : [{ "textures": { "all": "chisel:blocks/coal/coal/mosaic"         } }],
        "panel"         : [{ "textures": { "all": "chisel:blocks/coal/coal/panel"          } }],
        "pillar"        : [{
            "model"   : "cube_column",
            "textures": {
                "side": "chisel:blocks/coal/coal/pillar-side",
                "end" : "chisel:blocks/coal/coal/pillar-top"
            }
        }],
        "prism"         : [{ "textures": { "all": "chisel:blocks/coal/coal/prism"          } }],
        "ornate"        : [{ "textures": { "all": "chisel:blocks/coal/coal/ornate"         } }],
        "road"          : [{ "textures": { "all": "chisel:blocks/coal/coal/road"           } }],
        "raw"           : [{ "textures": { "all": "chisel:blocks/coal/coal/raw"            } }],
        "tiles-large"   : [{ "textures": { "all": "chisel:blocks/coal/coal/tiles-large"    } }],
        "tiles-medium"  : [{ "textures": { "all": "chisel:blocks/coal/coal/tiles-medium"   } }],
        "tiles-small"   : [{ "textures": { "all": "chisel:blocks/coal/coal/tiles-small"    } }],
        "twisted"       : [{
            "model"   : "cube_column",
            "textures": {
                "side": "chisel:blocks/coal/coal/twisted-side",
                "end" : "chisel:blocks/coal/coal/twisted-top"
            }
        }],
        "slanted"       : [{ "textures": { "all": "chisel:blocks/coal/coal/slanted"        } }],
        "weaver"        : [{ "textures": { "all": "chisel:blocks/coal/coal/weaver"         } }],
        "zag"           : [{ "textures": { "all": "chisel:blocks/coal/coal/zag"            } }]
    }
}