{
    "forge_marker": 1,
    "defaults": {"model":"cube_all"},
    "variants": {
        "bloodrunebrickstop": [{"textures":{"all":"chisel:blocks/blood_magic/bloodrunebrickstop"}}],
        "blankrune": [{"textures":{"all":"chisel:blocks/blood_magic/blankrune"}}],
        "bloodrunebricks": [{"textures":{"all":"chisel:blocks/blood_magic/bloodrunebricks"}}],
        "bloodrunearranged": [{"textures":{"all":"chisel:blocks/blood_magic/bloodrunearranged"}}],
        "bloodrunecarvedradial": [{"textures":{"all":"chisel:blocks/blood_magic/bloodrunecarvedradial"}}],
        "bloodrunetiles": [{"textures":{"all":"chisel:blocks/blood_magic/bloodRuneTiles"}}],
        "bloodruneclassicpanel": [{"textures":{"all":"chisel:blocks/blood_magic/bloodruneclassicpanel"}}],
        "bloodrunecarved": [{"textures":{"all":"chisel:blocks/blood_magic/bloodRuneCarved"}}]
    }
}