{
    "forge_marker": 1,
    "defaults": { "model": "chisel:mossy/mossy" },
    "variants": {
        "array"         : [{ "textures": { "bot": "chisel:blocks/cobblestone/array"          } }],
        "braid"         : [{ "textures": { "bot": "chisel:blocks/cobblestone/braid"          } }],
        "bricks-chaotic": [{ "textures": { "bot": "chisel:blocks/cobblestone/bricks-chaotic" } }],
        "bricks-cracked": [{ "textures": { "bot": "chisel:blocks/cobblestone/bricks-cracked" } }],
        "bricks-encased": [{ "textures": { "bot": "chisel:blocks/cobblestone/bricks-encased" } }],
        "bricks-small"  : [{ "textures": { "bot": "chisel:blocks/cobblestone/bricks-small"   } }],
        "bricks-soft"   : [{ "textures": { "bot": "chisel:blocks/cobblestone/bricks-soft"    } }],
        "bricks-solid"  : [{ "textures": { "bot": "chisel:blocks/cobblestone/bricks-solid"   } }],
        "bricks-triple" : [{ "textures": { "bot": "chisel:blocks/cobblestone/bricks-triple"  } }],
        "chaotic-medium": [{ "textures": { "bot": "chisel:blocks/cobblestone/chaotic-medium" } }],
        "chaotic-small" : [{ "textures": { "bot": "chisel:blocks/cobblestone/chaotic-small"  } }],
        "circular"      : [{ "textures": { "bot": "chisel:blocks/cobblestone/circular"       } }],
        "circularct"    : [{
            "model"   : "chisel:mossy/mossy_ctm",
            "textures": {
                "bot"          : "chisel:blocks/cobblestone/circular",
                "connect_bot"  : "chisel:blocks/cobblestone/circular-ctm"
            }
        }],
        "cracked"       : [{ "textures": { "bot": "chisel:blocks/cobblestone/cracked"        } }],
        "cuts"          : [{ "textures": { "bot": "chisel:blocks/cobblestone/cuts"           } }],
        "dent"          : [{ "textures": { "bot": "chisel:blocks/cobblestone/dent"           } }],
        "emboss"        : [{ "textures": { "bot": "chisel:blocks/cobblestone/emboss"         } }],
        "french-1"      : [{ "textures": { "bot": "chisel:blocks/cobblestone/french-1"       } }],
        "french-2"      : [{ "textures": { "bot": "chisel:blocks/cobblestone/french-2"       } }],
        "indent"        : [{ "textures": { "bot": "chisel:blocks/cobblestone/indent"         } }],
        "jellybean"     : [{ "textures": { "bot": "chisel:blocks/cobblestone/jellybean"      } }],
        "largeornate"   : [{ "textures": { "bot": "chisel:blocks/cobblestone/largeornate"    } }],
        "layers"        : [{ "textures": { "bot": "chisel:blocks/cobblestone/layers"         } }],
        "marker"        : [{ "textures": { "bot": "chisel:blocks/cobblestone/marker"         } }],
        "mosaic"        : [{ "textures": { "bot": "chisel:blocks/cobblestone/mosaic"         } }],
        "panel"         : [{ "textures": { "bot": "chisel:blocks/cobblestone/panel"          } }],
        "pillar"        : [{
            "model"   : "chisel:mossy/mossy_column",
            "textures": {
                "side": "chisel:blocks/cobblestone/pillar-side",
                "end" : "chisel:blocks/cobblestone/pillar-top"
            }
        }],
        "prism"         : [{ "textures": { "bot": "chisel:blocks/cobblestone/prism"          } }],
        "ornate"        : [{ "textures": { "bot": "chisel:blocks/cobblestone/ornate"         } }],
        "road"          : [{ "textures": { "bot": "chisel:blocks/cobblestone/road"           } }],
        "raw"           : [{ "textures": { "bot": "chisel:blocks/cobblestone/extra/raw"      } }],
        "tiles-large"   : [{ "textures": { "bot": "chisel:blocks/cobblestone/tiles-large"    } }],
        "tiles-medium"  : [{ "textures": { "bot": "chisel:blocks/cobblestone/tiles-medium"   } }],
        "tiles-small"   : [{ "textures": { "bot": "chisel:blocks/cobblestone/tiles-small"    } }],
        "twisted"       : [{
            "model"   : "chisel:mossy/mossy_column",
            "textures": {
                "side": "chisel:blocks/cobblestone/twisted-side",
                "end" : "chisel:blocks/cobblestone/twisted-top"
            }
        }],
        "slanted"       : [{ "textures": { "bot": "chisel:blocks/cobblestone/slanted"        } }],
        "weaver"        : [{ "textures": { "bot": "chisel:blocks/cobblestone/weaver"         } }],
        "zag"           : [{ "textures": { "bot": "chisel:blocks/cobblestone/zag"            } }]
    }
}