{
    "forge_marker": 1,
    "defaults": { "model": "cube_all" },
    "variants": {
        "array"         : [{ "textures": { "all": "chisel:blocks/concrete_yellow/array"          } }],
        "braid"         : [{ "textures": { "all": "chisel:blocks/concrete_yellow/braid"          } }],
        "bricks-chaotic": [{ "textures": { "all": "chisel:blocks/concrete_yellow/bricks-chaotic" } }],
        "bricks-cracked": [{ "textures": { "all": "chisel:blocks/concrete_yellow/bricks-cracked" } }],
        "bricks-encased": [{ "textures": { "all": "chisel:blocks/concrete_yellow/bricks-encased" } }],
        "bricks-small"  : [{ "textures": { "all": "chisel:blocks/concrete_yellow/bricks-small"   } }],
        "bricks-soft"   : [{ "textures": { "all": "chisel:blocks/concrete_yellow/bricks-soft"    } }],
        "bricks-solid"  : [{ "textures": { "all": "chisel:blocks/concrete_yellow/bricks-solid"   } }],
        "bricks-triple" : [{ "textures": { "all": "chisel:blocks/concrete_yellow/bricks-triple"  } }],
        "chaotic-medium": [{ "textures": { "all": "chisel:blocks/concrete_yellow/chaotic-medium" } }],
        "chaotic-small" : [{ "textures": { "all": "chisel:blocks/concrete_yellow/chaotic-small"  } }],
        "circular"      : [{ "textures": { "all": "chisel:blocks/concrete_yellow/circular"       } }],
        "circularct"    : [{
            "model"   : "chisel:cube_ctm",
            "textures": {
                "all"          : "chisel:blocks/concrete_yellow/circular",
                "connected_tex": "chisel:blocks/concrete_yellow/circular-ctm"
            }
        }],
        "cracked"       : [{ "textures": { "all": "chisel:blocks/concrete_yellow/cracked"        } }],
        "cuts"          : [{ "textures": { "all": "chisel:blocks/concrete_yellow/cuts"           } }],
        "dent"          : [{ "textures": { "all": "chisel:blocks/concrete_yellow/dent"           } }],
        "emboss"        : [{ "textures": { "all": "chisel:blocks/concrete_yellow/emboss"         } }],
        "french-1"      : [{ "textures": { "all": "chisel:blocks/concrete_yellow/french-1"       } }],
        "french-2"      : [{ "textures": { "all": "chisel:blocks/concrete_yellow/french-2"       } }],
        "indent"        : [{ "textures": { "all": "chisel:blocks/concrete_yellow/indent"         } }],
        "jellybean"     : [{ "textures": { "all": "chisel:blocks/concrete_yellow/jellybean"      } }],
        "largeornate"   : [{ "textures": { "all": "chisel:blocks/concrete_yellow/largeornate"    } }],
        "layers"        : [{ "textures": { "all": "chisel:blocks/concrete_yellow/layers"         } }],
        "marker"        : [{ "textures": { "all": "chisel:blocks/concrete_yellow/marker"         } }],
        "mosaic"        : [{ "textures": { "all": "chisel:blocks/concrete_yellow/mosaic"         } }],
        "panel"         : [{ "textures": { "all": "chisel:blocks/concrete_yellow/panel"          } }],
        "pillar"        : [{
            "model"   : "cube_column",
            "textures": {
                "side": "chisel:blocks/concrete_yellow/pillar-side",
                "end" : "chisel:blocks/concrete_yellow/pillar-top"
            }
        }],
        "prism"         : [{ "textures": { "all": "chisel:blocks/concrete_yellow/prism"          } }],
        "ornate"        : [{ "textures": { "all": "chisel:blocks/concrete_yellow/ornate"         } }],
        "road"          : [{ "textures": { "all": "chisel:blocks/concrete_yellow/road"           } }],
        "raw"           : [{ "textures": { "all": "chisel:blocks/concrete_yellow/extra/raw"      } }],
        "tiles-large"   : [{ "textures": { "all": "chisel:blocks/concrete_yellow/tiles-large"    } }],
        "tiles-medium"  : [{ "textures": { "all": "chisel:blocks/concrete_yellow/tiles-medium"   } }],
        "tiles-small"   : [{ "textures": { "all": "chisel:blocks/concrete_yellow/tiles-small"    } }],
        "twisted"       : [{
            "model"   : "cube_column",
            "textures": {
                "side": "chisel:blocks/concrete_yellow/twisted-side",
                "end" : "chisel:blocks/concrete_yellow/twisted-top"
            }
        }],
        "slanted"       : [{ "textures": { "all": "chisel:blocks/concrete_yellow/slanted"        } }],
        "weaver"        : [{ "textures": { "all": "chisel:blocks/concrete_yellow/weaver"         } }],
        "zag"           : [{ "textures": { "all": "chisel:blocks/concrete_yellow/zag"            } }]
    }
}