{
    "forge_marker": 1,
    "defaults": { "model": "cube_all" },
    "variants": {
        "array"               : [{ "textures": { "all": "chisel:blocks/glowstone/array"                      } }],
        "braid"               : [{ "textures": { "all": "chisel:blocks/glowstone/braid"                      } }],
        "bricks-chaotic"      : [{ "textures": { "all": "chisel:blocks/glowstone/bricks-chaotic"             } }],
        "bricks-cracked"      : [{ "textures": { "all": "chisel:blocks/glowstone/bricks-cracked"             } }],
        "bricks-encased"      : [{ "textures": { "all": "chisel:blocks/glowstone/bricks-encased"             } }],
        "bricks-small"        : [{ "textures": { "all": "chisel:blocks/glowstone/bricks-small"               } }],
        "bricks-soft"         : [{ "textures": { "all": "chisel:blocks/glowstone/bricks-soft"                } }],
        "bricks-solid"        : [{ "textures": { "all": "chisel:blocks/glowstone/bricks-solid"               } }],
        "bricks-triple"       : [{ "textures": { "all": "chisel:blocks/glowstone/bricks-triple"              } }],
        "chaotic-medium"      : [{ "textures": { "all": "chisel:blocks/glowstone/chaotic-medium"             } }],
        "chaotic-small"       : [{ "textures": { "all": "chisel:blocks/glowstone/chaotic-small"              } }],
        "circular"            : [{ "textures": { "all": "chisel:blocks/glowstone/circular"                   } }],
        "circularct"          : [{
            "model"   : "chisel:cube_ctm",
            "textures": {
                "all"          : "chisel:blocks/glowstone/circular",
                "connected_tex": "chisel:blocks/glowstone/circular-ctm"
            }
        }],
        "cracked"             : [{ "textures": { "all": "chisel:blocks/glowstone/cracked"                    } }],
        "cuts"                : [{ "textures": { "all": "chisel:blocks/glowstone/cuts"                       } }],
        "dent"                : [{ "textures": { "all": "chisel:blocks/glowstone/dent"                       } }],
        "emboss"              : [{ "textures": { "all": "chisel:blocks/glowstone/emboss"                     } }],
        "french-1"            : [{ "textures": { "all": "chisel:blocks/glowstone/french-1"                   } }],
        "french-2"            : [{ "textures": { "all": "chisel:blocks/glowstone/french-2"                   } }],
        "indent"              : [{ "textures": { "all": "chisel:blocks/glowstone/indent"                     } }],
        "jellybean"           : [{ "textures": { "all": "chisel:blocks/glowstone/jellybean"                  } }],
        "largeornate"         : [{ "textures": { "all": "chisel:blocks/glowstone/largeornate"                } }],
        "layers"              : [{ "textures": { "all": "chisel:blocks/glowstone/layers"                     } }],
        "marker"              : [{ "textures": { "all": "chisel:blocks/glowstone/marker"                     } }],
        "mosaic"              : [{ "textures": { "all": "chisel:blocks/glowstone/mosaic"                     } }],
        "panel"               : [{ "textures": { "all": "chisel:blocks/glowstone/panel"                      } }],
        "pillar"              : [{
            "model"   : "cube_column",
            "textures": {
                "side": "chisel:blocks/glowstone/pillar-side",
                "end" : "chisel:blocks/glowstone/pillar-top"
            }
        }],
        "prism"               : [{ "textures": { "all": "chisel:blocks/glowstone/prism"                      } }],
        "ornate"              : [{ "textures": { "all": "chisel:blocks/glowstone/ornate"                     } }],
        "road"                : [{ "textures": { "all": "chisel:blocks/glowstone/road"                       } }],
        "raw"                 : [{ "textures": { "all": "chisel:blocks/glowstone/extra/raw"                  } }],
        "tiles-large"         : [{ "textures": { "all": "chisel:blocks/glowstone/tiles-large"                } }],
        "tiles-medium"        : [{ "textures": { "all": "chisel:blocks/glowstone/tiles-medium"               } }],
        "tiles-small"         : [{ "textures": { "all": "chisel:blocks/glowstone/tiles-small"                } }],
        "twisted"             : [{
            "model"   : "cube_column",
            "textures": {
                "side": "chisel:blocks/glowstone/twisted-side",
                "end" : "chisel:blocks/glowstone/twisted-top"
            }
        }],
        "slanted"             : [{ "textures": { "all": "chisel:blocks/glowstone/slanted"                    } }],
        "weaver"              : [{ "textures": { "all": "chisel:blocks/glowstone/weaver"                     } }],
        "zag"                 : [{ "textures": { "all": "chisel:blocks/glowstone/zag"                        } }],
        "bismuth"             : [{ "textures": { "all": "chisel:blocks/glowstone/extra/bismuth"              } }],
        "tiles-large-bismuth" : [{ "textures": { "all": "chisel:blocks/glowstone/extra/tiles-large-bismuth"  } }],
        "tiles-medium-bismuth": [{ "textures": { "all": "chisel:blocks/glowstone/extra/tiles-medium-bismuth" } }],
        "neon":                 [{ "textures": { "all": "chisel:blocks/glowstone/extra/neon"                 } }],
        "neon-panel":           [{ "textures": { "all": "chisel:blocks/glowstone/extra/neon-panel"           } }]
    }
}