{
    "forge_marker": 1,
    "defaults": { "model": "cube_all" },
    "variants": {
        "array"         : [{ "textures": { "all": "chisel:blocks/marble/array"          } }],
        "braid"         : [{ "textures": { "all": "chisel:blocks/marble/braid"          } }],
        "bricks-chaotic": [{ "textures": { "all": "chisel:blocks/marble/bricks-chaotic" } }],
        "bricks-cracked": [{ "textures": { "all": "chisel:blocks/marble/bricks-cracked" } }],
        "bricks-encased": [{ "textures": { "all": "chisel:blocks/marble/bricks-encased" } }],
        "bricks-small"  : [{ "textures": { "all": "chisel:blocks/marble/bricks-small"   } }],
        "bricks-soft"   : [{ "textures": { "all": "chisel:blocks/marble/bricks-soft"    } }],
        "bricks-solid"  : [{ "textures": { "all": "chisel:blocks/marble/bricks-solid"   } }],
        "bricks-triple" : [{ "textures": { "all": "chisel:blocks/marble/bricks-triple"  } }],
        "chaotic-medium": [{ "textures": { "all": "chisel:blocks/marble/chaotic-medium" } }],
        "chaotic-small" : [{ "textures": { "all": "chisel:blocks/marble/chaotic-small"  } }],
        "circular"      : [{ "textures": { "all": "chisel:blocks/marble/circular"       } }],
        "circularct"    : [{
            "model"   : "chisel:cube_ctm",
            "textures": {
                "all"          : "chisel:blocks/marble/circular",
                "connected_tex": "chisel:blocks/marble/circular-ctm"
            }
        }],
        "cracked"       : [{ "textures": { "all": "chisel:blocks/marble/cracked"        } }],
        "cuts"          : [{ "textures": { "all": "chisel:blocks/marble/cuts"           } }],
        "dent"          : [{ "textures": { "all": "chisel:blocks/marble/dent"           } }],
        "emboss"        : [{ "textures": { "all": "chisel:blocks/marble/emboss"         } }],
        "french-1"      : [{ "textures": { "all": "chisel:blocks/marble/french-1"       } }],
        "french-2"      : [{ "textures": { "all": "chisel:blocks/marble/french-2"       } }],
        "indent"        : [{ "textures": { "all": "chisel:blocks/marble/indent"         } }],
        "jellybean"     : [{ "textures": { "all": "chisel:blocks/marble/jellybean"      } }],
        "largeornate"   : [{ "textures": { "all": "chisel:blocks/marble/largeornate"    } }],
        "layers"        : [{ "textures": { "all": "chisel:blocks/marble/layers"         } }],
        "marker"        : [{ "textures": { "all": "chisel:blocks/marble/marker"         } }],
        "mosaic"        : [{ "textures": { "all": "chisel:blocks/marble/mosaic"         } }],
        "panel"         : [{ "textures": { "all": "chisel:blocks/marble/panel"          } }],
        "pillar"        : [{
            "model"   : "cube_column",
            "textures": {
                "side": "chisel:blocks/marble/pillar-side",
                "end" : "chisel:blocks/marble/pillar-top"
            }
        }],
        "prism"         : [{ "textures": { "all": "chisel:blocks/marble/prism"          } }],
        "ornate"        : [{ "textures": { "all": "chisel:blocks/marble/ornate"         } }],
        "road"          : [{ "textures": { "all": "chisel:blocks/marble/road"           } }],
        "raw"           : [{ "textures": { "all": "chisel:blocks/marble/extra/raw"      } }],
        "tiles-large"   : [{ "textures": { "all": "chisel:blocks/marble/tiles-large"    } }],
        "tiles-medium"  : [{ "textures": { "all": "chisel:blocks/marble/tiles-medium"   } }],
        "tiles-small"   : [{ "textures": { "all": "chisel:blocks/marble/tiles-small"    } }],
        "twisted"       : [{
            "model"   : "cube_column",
            "textures": {
                "side": "chisel:blocks/marble/twisted-side",
                "end" : "chisel:blocks/marble/twisted-top"
            }
        }],
        "slanted"       : [{ "textures": { "all": "chisel:blocks/marble/slanted"        } }],
        "weaver"        : [{ "textures": { "all": "chisel:blocks/marble/weaver"         } }],
        "zag"           : [{ "textures": { "all": "chisel:blocks/marble/zag"            } }]
    }
}