{
    "forge_marker": 1,
    "defaults": { "model": "cube_all" },
    "variants": {
        "array"         : [{ "textures": { "all": "chisel:blocks/sandstonered/array"          } }],
        "braid"         : [{ "textures": { "all": "chisel:blocks/sandstonered/braid"          } }],
        "bricks-chaotic": [{ "textures": { "all": "chisel:blocks/sandstonered/bricks-chaotic" } }],
        "bricks-cracked": [{ "textures": { "all": "chisel:blocks/sandstonered/bricks-cracked" } }],
        "bricks-encased": [{ "textures": { "all": "chisel:blocks/sandstonered/bricks-encased" } }],
        "bricks-small"  : [{ "textures": { "all": "chisel:blocks/sandstonered/bricks-small"   } }],
        "bricks-soft"   : [{ "textures": { "all": "chisel:blocks/sandstonered/bricks-soft"    } }],
        "bricks-solid"  : [{ "textures": { "all": "chisel:blocks/sandstonered/bricks-solid"   } }],
        "bricks-triple" : [{ "textures": { "all": "chisel:blocks/sandstonered/bricks-triple"  } }],
        "chaotic-medium": [{ "textures": { "all": "chisel:blocks/sandstonered/chaotic-medium" } }],
        "chaotic-small" : [{ "textures": { "all": "chisel:blocks/sandstonered/chaotic-small"  } }],
        "circular"      : [{ "textures": { "all": "chisel:blocks/sandstonered/circular"       } }],
        "circularct"    : [{
            "model"   : "chisel:cube_ctm",
            "textures": {
                "all"          : "chisel:blocks/sandstonered/circular",
                "connected_tex": "chisel:blocks/sandstonered/circular-ctm"
            }
        }],
        "cracked"       : [{ "textures": { "all": "chisel:blocks/sandstonered/cracked"        } }],
        "cuts"          : [{ "textures": { "all": "chisel:blocks/sandstonered/cuts"           } }],
        "dent"          : [{ "textures": { "all": "chisel:blocks/sandstonered/dent"           } }],
        "emboss"        : [{ "textures": { "all": "chisel:blocks/sandstonered/emboss"         } }],
        "french-1"      : [{ "textures": { "all": "chisel:blocks/sandstonered/french-1"       } }],
        "french-2"      : [{ "textures": { "all": "chisel:blocks/sandstonered/french-2"       } }],
        "indent"        : [{ "textures": { "all": "chisel:blocks/sandstonered/indent"         } }],
        "jellybean"     : [{ "textures": { "all": "chisel:blocks/sandstonered/jellybean"      } }],
        "largeornate"   : [{ "textures": { "all": "chisel:blocks/sandstonered/largeornate"    } }],
        "layers"        : [{ "textures": { "all": "chisel:blocks/sandstonered/layers"         } }],
        "marker"        : [{ "textures": { "all": "chisel:blocks/sandstonered/marker"         } }],
        "mosaic"        : [{ "textures": { "all": "chisel:blocks/sandstonered/mosaic"         } }],
        "panel"         : [{ "textures": { "all": "chisel:blocks/sandstonered/panel"          } }],
        "pillar"        : [{
            "model"   : "cube_column",
            "textures": {
                "side": "chisel:blocks/sandstonered/pillar-side",
                "end" : "chisel:blocks/sandstonered/pillar-top"
            }
        }],
        "prism"         : [{ "textures": { "all": "chisel:blocks/sandstonered/prism"          } }],
        "ornate"        : [{ "textures": { "all": "chisel:blocks/sandstonered/ornate"         } }],
        "road"          : [{ "textures": { "all": "chisel:blocks/sandstonered/road"           } }],
        "raw"           : [{ "textures": { "all": "chisel:blocks/sandstonered/extra/raw"      } }],
        "tiles-large"   : [{ "textures": { "all": "chisel:blocks/sandstonered/tiles-large"    } }],
        "tiles-medium"  : [{ "textures": { "all": "chisel:blocks/sandstonered/tiles-medium"   } }],
        "tiles-small"   : [{ "textures": { "all": "chisel:blocks/sandstonered/tiles-small"    } }],
        "twisted"       : [{
            "model"   : "cube_column",
            "textures": {
                "side": "chisel:blocks/sandstonered/twisted-side",
                "end" : "chisel:blocks/sandstonered/twisted-top"
            }
        }],
        "slanted"       : [{ "textures": { "all": "chisel:blocks/sandstonered/slanted"        } }],
        "weaver"        : [{ "textures": { "all": "chisel:blocks/sandstonered/weaver"         } }],
        "zag"           : [{ "textures": { "all": "chisel:blocks/sandstonered/zag"            } }],
        "seamless"      : [{ "textures": { "all": "blocks/red_sandstone_top"                 } }]
    }
}