{
    "forge_marker": 1,
    "defaults": { "model": "cube_all" },
    "variants": {
        "array"         : [{ "textures": { "all": "chisel:blocks/sandstoneyellow/array"          } }],
        "braid"         : [{ "textures": { "all": "chisel:blocks/sandstoneyellow/braid"          } }],
        "bricks-chaotic": [{ "textures": { "all": "chisel:blocks/sandstoneyellow/bricks-chaotic" } }],
        "bricks-cracked": [{ "textures": { "all": "chisel:blocks/sandstoneyellow/bricks-cracked" } }],
        "bricks-encased": [{ "textures": { "all": "chisel:blocks/sandstoneyellow/bricks-encased" } }],
        "bricks-small"  : [{ "textures": { "all": "chisel:blocks/sandstoneyellow/bricks-small"   } }],
        "bricks-soft"   : [{ "textures": { "all": "chisel:blocks/sandstoneyellow/bricks-soft"    } }],
        "bricks-solid"  : [{ "textures": { "all": "chisel:blocks/sandstoneyellow/bricks-solid"   } }],
        "bricks-triple" : [{ "textures": { "all": "chisel:blocks/sandstoneyellow/bricks-triple"  } }],
        "chaotic-medium": [{ "textures": { "all": "chisel:blocks/sandstoneyellow/chaotic-medium" } }],
        "chaotic-small" : [{ "textures": { "all": "chisel:blocks/sandstoneyellow/chaotic-small"  } }],
        "circular"      : [{ "textures": { "all": "chisel:blocks/sandstoneyellow/circular"       } }],
        "circularct"    : [{
            "model"   : "chisel:cube_ctm",
            "textures": {
                "all"          : "chisel:blocks/sandstoneyellow/circular",
                "connected_tex": "chisel:blocks/sandstoneyellow/circular-ctm"
            }
        }],
        "cracked"       : [{ "textures": { "all": "chisel:blocks/sandstoneyellow/cracked"        } }],
        "cuts"          : [{ "textures": { "all": "chisel:blocks/sandstoneyellow/cuts"           } }],
        "dent"          : [{ "textures": { "all": "chisel:blocks/sandstoneyellow/dent"           } }],
        "emboss"        : [{ "textures": { "all": "chisel:blocks/sandstoneyellow/emboss"         } }],
        "french-1"      : [{ "textures": { "all": "chisel:blocks/sandstoneyellow/french-1"       } }],
        "french-2"      : [{ "textures": { "all": "chisel:blocks/sandstoneyellow/french-2"       } }],
        "indent"        : [{ "textures": { "all": "chisel:blocks/sandstoneyellow/indent"         } }],
        "jellybean"     : [{ "textures": { "all": "chisel:blocks/sandstoneyellow/jellybean"      } }],
        "largeornate"   : [{ "textures": { "all": "chisel:blocks/sandstoneyellow/largeornate"    } }],
        "layers"        : [{ "textures": { "all": "chisel:blocks/sandstoneyellow/layers"         } }],
        "marker"        : [{ "textures": { "all": "chisel:blocks/sandstoneyellow/marker"         } }],
        "mosaic"        : [{ "textures": { "all": "chisel:blocks/sandstoneyellow/mosaic"         } }],
        "panel"         : [{ "textures": { "all": "chisel:blocks/sandstoneyellow/panel"          } }],
        "pillar"        : [{
            "model"   : "cube_column",
            "textures": {
                "side": "chisel:blocks/sandstoneyellow/pillar-side",
                "end" : "chisel:blocks/sandstoneyellow/pillar-top"
            }
        }],
        "prism"         : [{ "textures": { "all": "chisel:blocks/sandstoneyellow/prism"          } }],
        "ornate"        : [{ "textures": { "all": "chisel:blocks/sandstoneyellow/ornate"         } }],
        "road"          : [{ "textures": { "all": "chisel:blocks/sandstoneyellow/road"           } }],
        "raw"           : [{ "textures": { "all": "chisel:blocks/sandstoneyellow/extra/raw"      } }],
        "tiles-large"   : [{ "textures": { "all": "chisel:blocks/sandstoneyellow/tiles-large"    } }],
        "tiles-medium"  : [{ "textures": { "all": "chisel:blocks/sandstoneyellow/tiles-medium"   } }],
        "tiles-small"   : [{ "textures": { "all": "chisel:blocks/sandstoneyellow/tiles-small"    } }],
        "twisted"       : [{
            "model"   : "cube_column",
            "textures": {
                "side": "chisel:blocks/sandstoneyellow/twisted-side",
                "end" : "chisel:blocks/sandstoneyellow/twisted-top"
            }
        }],
        "slanted"       : [{ "textures": { "all": "chisel:blocks/sandstoneyellow/slanted"        } }],
        "weaver"        : [{ "textures": { "all": "chisel:blocks/sandstoneyellow/weaver"         } }],
        "zag"           : [{ "textures": { "all": "chisel:blocks/sandstoneyellow/zag"            } }],
        "seamless"      : [{ "textures": { "all": "blocks/sandstone_top"                        } }]
    }
}