{
    "forge_marker": 1,
    "defaults": { "model": "chisel:cube_eldritch" },
    "variants": {
        "bricks"          : [{ "textures": { "all": "chisel:blocks/temple/bricks"           }}],
        "tiles-light"     : [{ "textures": { "all": "chisel:blocks/temple/tiles-light"      }}],
        "bricks-large"    : [{ "textures": { "all": "chisel:blocks/temple/bricks-large"     }}],
        "smalltiles-light": [{ "textures": { "all": "chisel:blocks/temple/smalltiles-light" }}],
        "ornate"          : [{ "textures": { "all": "chisel:blocks/temple/ornate"           }}],
        "bricks-weared"   : [{ "textures": { "all": "chisel:blocks/temple/bricks-weared"    }}],
        "stand-creeper"   : [{
            "model"   : "chisel:column_eldritch",
            "textures": {
                "side": "chisel:blocks/temple/stand-creeper-side",
                "end" : "chisel:blocks/temple/stand-creeper-top"
            }
        }],
        "column"          : [{
            "model"   : "chisel:column_eldritch",
            "textures": {
                "side": "chisel:blocks/temple/column-side",
                "end" : "chisel:blocks/temple/column-top"
            }
        }],
        "stand-mosaic"    : [{
            "model"   : "chisel:column_eldritch",
            "textures": {
                "side": "chisel:blocks/temple/stand-mosaic-side",
                "end" : "chisel:blocks/temple/stand-mosaic-top"
            }
        }],
        "plate"           : [{ "textures": { "all": "chisel:blocks/temple/plate"            }}],
        "smalltiles"      : [{ "textures": { "all": "chisel:blocks/temple/smalltiles"       }}],
        "tiles"           : [{ "textures": { "all": "chisel:blocks/temple/tiles"            }}],
        "bricks-disarray" : [{ "textures": { "all": "chisel:blocks/temple/bricks-disarray"  }}],
        "stand"           : [{
            "model"   : "chisel:column_eldritch",
            "textures": {
                "side": "chisel:blocks/temple/stand-side",
                "end" : "chisel:blocks/temple/stand-top"
            }
        }],
        "plate-cracked"   : [
            { "textures": { "all": "chisel:blocks/temple/plate-cracked-0" }},
            { "textures": { "all": "chisel:blocks/temple/plate-cracked-1" }},
            { "textures": { "all": "chisel:blocks/temple/plate-cracked-2" }},
            { "textures": { "all": "chisel:blocks/temple/plate-cracked-3" }},
            { "textures": { "all": "chisel:blocks/temple/plate-cracked-4" }},
            { "textures": { "all": "chisel:blocks/temple/plate-cracked-5" }},
            { "textures": { "all": "chisel:blocks/temple/plate-cracked-6" }}
        ],
        "cobble"          : [
            { "textures": { "all": "chisel:blocks/temple/cobble-0" }},
            { "textures": { "all": "chisel:blocks/temple/cobble-1" }},
            { "textures": { "all": "chisel:blocks/temple/cobble-2" }},
            { "textures": { "all": "chisel:blocks/temple/cobble-3" }}
        ]
    }
}