{
    "forge_marker": 1,
    "defaults": {"model":"cube_all"},
    "variants": {
        "normal": [{"textures":{"all":"chisel:blocks/thinWood-spruce/normal"}}],
        "chaotic-spaced": [{"textures":{"all":"chisel:blocks/thinWood-spruce/chaotic-spaced"}}],
        "large": [{"textures":{"all":"chisel:blocks/thinWood-spruce/large"}}],
        "chaotic": [{"textures":{"all":"chisel:blocks/thinWood-spruce/chaotic"}}],
        "large-spaced": [{"textures":{"all":"chisel:blocks/thinWood-spruce/large-spaced"}}],
        "normal-spaced": [{"textures":{"all":"chisel:blocks/thinWood-spruce/normal-spaced"}}]
    }
}