{
    "forge_marker": 1,
    "defaults": {"model":"cube_all"},
    "variants": {
        "normal": [{"textures":{"all":"chisel:blocks/thinWood-jungle/normal"}}],
        "chaotic-spaced": [{"textures":{"all":"chisel:blocks/thinWood-jungle/chaotic-spaced"}}],
        "large": [{"textures":{"all":"chisel:blocks/thinWood-jungle/large"}}],
        "chaotic": [{"textures":{"all":"chisel:blocks/thinWood-jungle/chaotic"}}],
        "large-spaced": [{"textures":{"all":"chisel:blocks/thinWood-jungle/large-spaced"}}],
        "normal-spaced": [{"textures":{"all":"chisel:blocks/thinWood-jungle/normal-spaced"}}]
    }
}