{
    "forge_marker": 1,
    "defaults": {"model":"cube_all"},
    "variants": {
        "1": [{"textures":{"all":"chisel:blocks/valentines/1"}}],
        "2": [{"textures":{"all":"chisel:blocks/valentines/2"}}],
        "3": [{"textures":{"all":"chisel:blocks/valentines/3"}}],
        "4": [{"textures":{"all":"chisel:blocks/valentines/4"}}],
        "5": [{"textures":{"all":"chisel:blocks/valentines/5"}}],
        "companion": [{"textures":{"all":"chisel:blocks/valentines/companion"}}],
        "6": [{"textures":{"all":"chisel:blocks/valentines/6"}}],
        "7": [{"textures":{"all":"chisel:blocks/valentines/7"}}],
        "8": [{"textures":{"all":"chisel:blocks/valentines/8"}}],
        "9": [{"textures":{"all":"chisel:blocks/valentines/9"}}]
    }
}