{
    "forge_marker": 1,
    "defaults": { "model": "cube_all" },
    "variants": {
        "scaffold":  [{ "textures": { "all": "chisel:blocks/metals/invar/scaffold"  } }],
        "machine":   [{ "textures": { "all": "chisel:blocks/metals/invar/machine"   } }],
        "badgreggy": [{ "textures": { "all": "chisel:blocks/metals/invar/badGreggy" } }],
        "thermal":   [{
            "model": "cube_bottom_top",
            "textures": {
                "top":    "chisel:blocks/metals/invar/thermal-top",
                "side":   "chisel:blocks/metals/invar/thermal-side",
                "bottom": "chisel:blocks/metals/invar/thermal-bottom"
            }
        }],
        "crate":     [{ "textures": { "all": "chisel:blocks/metals/invar/crate"     } }],
        "bolted":    [{ "textures": { "all": "chisel:blocks/metals/invar/bolted"    } }],
        "caution":   [{ "textures": { "all": "chisel:blocks/metals/invar/caution"   } }]
    }
}