{
    "forge_marker": 1,
    "defaults": { "model": "cube_all" },
    "variants": {
        "scaffold":  [{ "textures": { "all": "chisel:blocks/metals/uranium/scaffold"  } }],
        "machine":   [{ "textures": { "all": "chisel:blocks/metals/uranium/machine"   } }],
        "badgreggy": [{ "textures": { "all": "chisel:blocks/metals/uranium/badGreggy" } }],
        "thermal":   [{
            "model": "cube_bottom_top",
            "textures": {
                "top":    "chisel:blocks/metals/uranium/thermal-top",
                "side":   "chisel:blocks/metals/uranium/thermal-side",
                "bottom": "chisel:blocks/metals/uranium/thermal-bottom"
            }
        }],
        "crate":     [{ "textures": { "all": "chisel:blocks/metals/uranium/crate"     } }],
        "bolted":    [{ "textures": { "all": "chisel:blocks/metals/uranium/bolted"    } }],
        "caution":   [{ "textures": { "all": "chisel:blocks/metals/uranium/caution"   } }]
    }
}