{
	"format_version": "1.12.0",
	"minecraft:geometry": [
		{
			"description": {
				"identifier": "geometry.unknown",
				"texture_width": 64,
				"texture_height": 64,
				"visible_bounds_width": 6,
				"visible_bounds_height": 3.5,
				"visible_bounds_offset": [0, 1.25, 0]
			},
			"bones": [
				{
					"name": "bone",
					"pivot": [17, 0, 0]
				},
				{
					"name": "bone3",
					"parent": "bone",
					"pivot": [17, 0, 0],
					"cubes": [
						{
							"origin": [8, 0, 8],
							"size": [17, 16, 3],
							"uv": {
								"north": {"uv": [23, 8], "uv_size": [16, 15]},
								"east": {"uv": [0, 33], "uv_size": [3, 16]},
								"south": {"uv": [0, 16], "uv_size": [16, 16]},
								"west": {"uv": [0, 33], "uv_size": [3, 16]},
								"up": {"uv": [3, 45], "uv_size": [-3, -11]},
								"down": {"uv": [3, 48], "uv_size": [-3, -15]}
							}
						},
						{
							"origin": [7, 0, 8],
							"size": [1, 32, 3],
							"uv": {
								"north": {"uv": [26, 32], "uv_size": [3, 32]},
								"east": {"uv": [26, 32], "uv_size": [3, 32]},
								"south": {"uv": [26, 32], "uv_size": [3, 32]},
								"west": {"uv": [26, 32], "uv_size": [3, 32]},
								"up": {"uv": [29, 35], "uv_size": [-3, -3]},
								"down": {"uv": [29, 35], "uv_size": [-3, -3]}
							}
						},
						{
							"origin": [8, 16, 8],
							"size": [17, 16, 3],
							"uv": {
								"north": {"uv": [23, 7], "uv_size": [16, 15]},
								"east": {"uv": [0, 33], "uv_size": [3, 16]},
								"south": {"uv": [0, 1], "uv_size": [16, 16]},
								"west": {"uv": [0, 33], "uv_size": [3, 16]},
								"up": {"uv": [17, 0], "uv_size": [17, 3]},
								"down": {"uv": [17, 6], "uv_size": [17, -3]}
							}
						}
					]
				},
				{
					"name": "bone2",
					"parent": "bone",
					"pivot": [-16, 0, 19],
					"rotation": [0, 180, 0],
					"cubes": [
						{
							"origin": [-8, 16, 27],
							"size": [17, 16, 3],
							"uv": {
								"north": {"uv": [23, 7], "uv_size": [16, 15]},
								"east": {"uv": [0, 33], "uv_size": [3, 16]},
								"south": {"uv": [0, 1], "uv_size": [16, 16]},
								"west": {"uv": [0, 33], "uv_size": [3, 16]},
								"up": {"uv": [17, 0], "uv_size": [17, 3]},
								"down": {"uv": [17, 6], "uv_size": [17, -3]}
							}
						},
						{
							"origin": [-8, 0, 27],
							"size": [17, 16, 3],
							"uv": {
								"north": {"uv": [23, 8], "uv_size": [16, 15]},
								"east": {"uv": [0, 33], "uv_size": [3, 16]},
								"south": {"uv": [0, 16], "uv_size": [16, 16]},
								"west": {"uv": [0, 33], "uv_size": [3, 16]},
								"up": {"uv": [3, 45], "uv_size": [-3, -11]},
								"down": {"uv": [3, 48], "uv_size": [-3, -15]}
							}
						},
						{
							"origin": [-9, 0, 27],
							"size": [1, 32, 3],
							"uv": {
								"north": {"uv": [26, 32], "uv_size": [3, 32]},
								"east": {"uv": [26, 32], "uv_size": [3, 32]},
								"south": {"uv": [26, 32], "uv_size": [3, 32]},
								"west": {"uv": [26, 32], "uv_size": [3, 32]},
								"up": {"uv": [29, 35], "uv_size": [-3, -3]},
								"down": {"uv": [29, 35], "uv_size": [-3, -3]}
							}
						}
					]
				}
			]
		}
	]
}