{
    "minecraft": {
        "": {}
    },
    "mcp": {
        "": {}
    },
    "FML": {
        "": {}
    },
    "forge": {
        "": {}
    },
    "creativecoredummy": {
        "": {}
    },
    "littletilescore": {
        "": {}
    },
    "betterfonts": {
        "": {}
    },
    "nzpack": {
        "": {}
    },
    "backrooms_hud": {
        "": {}
    },
    "backrooms": {
        "": {}
    },
    "mclib": {
        "": {}
    },
    "metamorph": {
        "": {}
    },
    "blockbuster": {
        "": {}
    },
    "chameleon_morph": {
        "": {}
    },
    "ctm": {
        "": {}
    },
    "chisel": {
        "": {}
    },
    "chiselsandbits": {
        "": {}
    },
    "creativecore": {
        "": {}
    },
    "konkrete": {
        "": {}
    },
    "fancymenu": {
        "": {}
    },
    "geckolib3": {
        "": {}
    },
    "itlt": {
        "": {}
    },
    "light": {
        "": {}
    },
    "littletiles": {
        "": {}
    },
    "mappet": {
        "": {}
    },
    "modularvc": {
        "": {}
    },
    "nz": {
        "": {}
    },
    "particleculling": {
        "": {}
    },
    "resourceloader": {
        "": {}
    },
    "slasher": {
        "": {}
    },
    "soundfilters": {
        "": {}
    },
    "tinyinv": {
        "": {}
    },
    "tlauncher_custom_cape_skin": {
        "": {}
    },
    "vanillafix": {
        "": {}
    },
    "worldedit": {
        "": {}
    },
    "phosphor-lighting": {
        "": {}
    },
    "": {
        "": {}
    }
}