{
    "ambientocclusion": false,
    "textures": { "particle": "#pane" },
    "elements": [{
        "from": [ 7,  0, 0 ],
        "to"  : [ 9, 16, 16 ],
        "faces": {
            "down" : { "texture": "#edge", "cullface": "down" },
            "up"   : { "texture": "#edge", "cullface": "up" },
            "north": { "texture": "#edge", "cullface": "north" },
            "south": { "texture": "#edge", "cullface": "south" }
        }
    }, {
        "from": [ 7,  0, 0 ],
        "to"  : [ 9, 16, 7 ],
        "faces": {
            "east": { "texture": "#pane", "tintindex": 0 },
            "west": { "texture": "#pane", "tintindex": 0 }
        }
    }, {
        "from": [ 7,  0,  9 ],
        "to"  : [ 9, 16, 16 ],
        "faces": {
            "east": { "texture": "#pane", "tintindex": 0 },
            "west": { "texture": "#pane", "tintindex": 0 }
        }
    }, {
        "from": [  9,  0, 7 ],
        "to"  : [ 16, 16, 9 ],
        "faces": {
            "down" : { "texture": "#edge", "uv": [ 9, 16, 7,  9 ], "rotation": 90, "cullface": "down" },
            "up"   : { "texture": "#edge", "uv": [ 9,  9, 7, 16 ], "rotation": 90, "cullface": "up" },
            "north": { "texture": "#pane", "tintindex": 0 },
            "south": { "texture": "#pane", "tintindex": 0 },
            "east" : { "texture": "#edge", "cullface": "east" }
        }
    }, {
        "from": [ 0,  0, 7 ],
        "to"  : [ 7, 16, 9 ],
        "faces": {
            "down" : { "texture": "#edge", "uv": [ 9, 7, 7, 0 ], "rotation": 90, "cullface": "down" },
            "up"   : { "texture": "#edge", "uv": [ 9, 0, 7, 7 ], "rotation": 90, "cullface": "up" },
            "north": { "texture": "#pane", "tintindex": 0 },
            "south": { "texture": "#pane", "tintindex": 0 },
            "west" : { "texture": "#edge", "cullface": "west" }
        }
    }],
    "ctm_version": 1,
    "ctm_overrides": {
        "0": {
            "type": "ctm",
            "layer": "TRANSLUCENT",
            "textures": [ "#pane_ct" ],
            "extra": {
                "connect_inside": true,
                "use_actual_state": true,
                "connect_to": {
                    "NORTH": [
                        { "block": "chisel:glasspanedyedpurple", "predicate": [{ "east" : true }] },
                        { "block": "chisel:glasspanedyedpurple", "predicate": [{ "west" : true }] }
                    ],
                    "SOUTH": [
                        { "block": "chisel:glasspanedyedpurple", "predicate": [{ "east" : true }] },
                        { "block": "chisel:glasspanedyedpurple", "predicate": [{ "west" : true }] }
                    ],
                    "EAST" : [
                        { "block": "chisel:glasspanedyedpurple", "predicate": [{ "north": true }] },
                        { "block": "chisel:glasspanedyedpurple", "predicate": [{ "south": true }] }
                    ],
                    "WEST" : [
                        { "block": "chisel:glasspanedyedpurple", "predicate": [{ "north": true }] },
                        { "block": "chisel:glasspanedyedpurple", "predicate": [{ "south": true }] }
                    ]
                }
            }
        }
    }
}
