{
    "ambientocclusion": false,
    "textures": { "particle": "#pane" },
    "elements": [{
        "from": [ 7,  0, 0 ],
        "to"  : [ 9, 16, 9 ],
        "faces": {
            "down":  { "texture": "#edge", "cullface": "down" },
            "up":    { "texture": "#edge", "cullface": "up" },
            "north": { "texture": "#edge", "cullface": "north" },
            "south": { "texture": "#edge" },
            "west":  { "texture": "#pane", "tintindex": 0 },
            "east":  { "texture": "#pane", "tintindex": 0 }
        }
    }],
    "ctm_version": 1,
    "ctm_overrides": {
        "0": {
            "type": "ctm",
            "layer": "TRANSLUCENT",
            "textures": [ "#pane_ct" ],
            "extra": {
                "connect_inside": true,
                "use_actual_state": true,
                "connect_to": {
                    "NORTH": [
                        { "block": "chisel:glasspanedyedorange", "predicate": [{ "east" : true }] },
                        { "block": "chisel:glasspanedyedorange", "predicate": [{ "west" : true }] }
                    ],
                    "SOUTH": [
                        { "block": "chisel:glasspanedyedorange", "predicate": [{ "east" : true }] },
                        { "block": "chisel:glasspanedyedorange", "predicate": [{ "west" : true }] }
                    ],
                    "EAST" : [
                        { "block": "chisel:glasspanedyedorange", "predicate": [{ "north": true }] },
                        { "block": "chisel:glasspanedyedorange", "predicate": [{ "south": true }] }
                    ],
                    "WEST" : [
                        { "block": "chisel:glasspanedyedorange", "predicate": [{ "north": true }] },
                        { "block": "chisel:glasspanedyedorange", "predicate": [{ "south": true }] }
                    ]
                }
            }
        }
    }
}
