{
  "forge_marker": 1,
  "defaults": {
    "transform": "forge:default-item",
    "textures": {
      "edge"   : "blocks/glass_pane_top_brown",
      "pane"   : "chisel:blocks/glass_stained/brown/framed",
      "pane_ct": "chisel:blocks/glass_stained/brown/framed_ct"
    }
  },
  "variants": {
    "inventory": [{ "model": "chisel:pane/ew" }],
    "east=false,north=false,south=false,west=false": { "model": "chisel:pane/post" },

    "east=false,north=true,south=false,west=false" : { "model": "chisel:pane/colors/brown/ctm_n" },
    "east=true,north=false,south=false,west=false" : { "model": "chisel:pane/colors/brown/ctm_e" },
    "east=false,north=false,south=true,west=false" : { "model": "chisel:pane/colors/brown/ctm_s" },
    "east=false,north=false,south=false,west=true" : { "model": "chisel:pane/colors/brown/ctm_w" },

    "east=true,north=true,south=false,west=false"  : { "model": "chisel:pane/colors/brown/ctm_ne" },
    "east=true,north=false,south=true,west=false"  : { "model": "chisel:pane/colors/brown/ctm_se" },
    "east=false,north=false,south=true,west=true"  : { "model": "chisel:pane/colors/brown/ctm_sw" },
    "east=false,north=true,south=false,west=true"  : { "model": "chisel:pane/colors/brown/ctm_nw" },

    "east=false,north=true,south=true,west=false"  : { "model": "chisel:pane/colors/brown/ctm_ns" },
    "east=true,north=false,south=false,west=true"  : { "model": "chisel:pane/colors/brown/ctm_ew" },

    "east=true,north=true,south=true,west=false"   : { "model": "chisel:pane/colors/brown/ctm_nse" },
    "east=true,north=false,south=true,west=true"   : { "model": "chisel:pane/colors/brown/ctm_sew" },
    "east=false,north=true,south=true,west=true"   : { "model": "chisel:pane/colors/brown/ctm_nsw" },
    "east=true,north=true,south=false,west=true"   : { "model": "chisel:pane/colors/brown/ctm_new" },

    "east=true,north=true,south=true,west=true"    : { "model": "chisel:pane/colors/brown/ctm_nsew" }
  }
}
