{
  "parent":"block/block",
  "textures": {
    "particle": "#side"
  },
  "elements": [
    {
      "from": [ 0, 0, 0 ],
      "to": [ 16, 16, 16 ],
      "faces": {
        "down" : { "texture": "#end" , "cullface": "down" , "tintindex": 0 },
        "up"   : { "texture": "#end" , "cullface": "up"   , "tintindex": 0 },
        "north": { "texture": "#side", "cullface": "north", "tintindex": 0 },
        "south": { "texture": "#side", "cullface": "south", "tintindex": 0 },
        "west" : { "texture": "#side", "cullface": "west" , "tintindex": 0 },
        "east" : { "texture": "#side", "cullface": "east" , "tintindex": 0 }
      }
    }
  ],
  "ctm_version": 1,
  "ctm_overrides": {
    "0": {
      "type": "eldritch"
    }
  }
}