{
    "ambientocclusion": false,
    "textures": {
        "particle": "#side",
        "cap": "#cap",
        "side": "#side",
        "end": "#end"
    },
    "elements": [
        {
            "from": [ 7, 0, 0 ],
            "to": [ 9, 16, 7 ],
            "faces": {
                "down": { "uv": [ 7, 9, 9, 16 ], "texture": "#cap", "cullface": "down" },
                "up": { "uv": [ 7, 0, 9, 7 ], "texture": "#cap", "cullface": "up" },
                "north": { "uv": [ 7, 0, 9, 16 ], "texture": "#end", "cullface": "north" },
                "west": { "uv": [ 0, 0, 7, 16 ], "texture": "#side" },
                "east": { "uv": [ 9, 0, 16, 16 ], "texture": "#side" }
            }
        }
    ]
}
