{
	"format_version": "1.8.0",
	"animations": {
		"idle": {
			"animation_length": 40.08333,
			"bones": {
				"bone": {
					"position": [0, 0, 0]
				},
				"bone3": {
					"position": {
						"0.0": [-15, 0, 0],
						"0.0417": [-14, 0, 0],
						"0.0833": [-13, 0, 0],
						"0.125": [-12, 0, 0],
						"0.1667": [-11, 0, 0],
						"0.2083": [-10, 0, 0],
						"0.25": [-9, 0, 0],
						"0.2917": [-8, 0, 0],
						"0.3333": [-7, 0, 0],
						"0.375": [-6, 0, 0],
						"0.4167": [-5, 0, 0],
						"0.4583": [-4, 0, 0],
						"0.5": [-3, 0, 0],
						"0.5417": [-2, 0, 0],
						"0.5833": [-1, 0, 0],
						"0.625": [0, 0, 0],
						"0.6667": [1, 0, 0]
					}
				},
				"bone2": {
					"position": {
						"0.0": [15, 0, 0],
						"0.0417": [14, 0, 0],
						"0.0833": [13, 0, 0],
						"0.125": [12, 0, 0],
						"0.1667": [11, 0, 0],
						"0.2083": [10, 0, 0],
						"0.25": [9, 0, 0],
						"0.2917": [8, 0, 0],
						"0.3333": [7, 0, 0],
						"0.375": [6, 0, 0],
						"0.4167": [5, 0, 0],
						"0.4583": [4, 0, 0],
						"0.5": [3, 0, 0],
						"0.5417": [2, 0, 0],
						"0.5833": [1, 0, 0],
						"0.625": [0, 0, 0],
						"0.6667": [-1, 0, 0]
					}
				}
			}
		}
	},
	"geckolib_format_version": 2
}