{
    "scheme": "1.3",
    "name": "minecraft:creeper",
    "texture": [ 64, 32 ],
    "default": "minecraft:textures/entity/creeper/creeper.png",
    "limbs": {
        "limb_3": {
            "size": [ 4, 6, 4 ],
            "texture": [ 0, 16 ],
            "anchor": [ 0.5, -0.0, 0.5 ],
            "origin": [ 0.0, 0.0, 0.0 ]
        },
        "limb_4": {
            "size": [ 4, 6, 4 ],
            "texture": [ 0, 16 ],
            "anchor": [ 0.5, -0.0, 0.5 ],
            "origin": [ 0.0, 0.0, 0.0 ]
        },
        "limb_1": {
            "size": [ 8, 8, 8 ],
            "texture": [ 32, 0 ],
            "anchor": [ 0.5, 1.0, 0.5 ],
            "origin": [ 0.0, 0.0, 0.0 ]
        },
        "limb_2": {
            "size": [ 8, 12, 4 ],
            "texture": [ 16, 16 ],
            "anchor": [ 0.5, -0.0, 0.5 ],
            "origin": [ 0.0, 0.0, 0.0 ]
        },
        "limb_0": {
            "size": [ 8, 8, 8 ],
            "texture": [ 0, 0 ],
            "anchor": [ 0.5, 1.0, 0.5 ],
            "origin": [ 0.0, 0.0, 0.0 ]
        },
        "limb_5": {
            "size": [ 4, 6, 4 ],
            "texture": [ 0, 16 ],
            "anchor": [ 0.5, -0.0, 0.5 ],
            "origin": [ 0.0, 0.0, 0.0 ]
        },
        "limb_6": {
            "size": [ 4, 6, 4 ],
            "texture": [ 0, 16 ],
            "anchor": [ 0.5, -0.0, 0.5 ],
            "origin": [ 0.0, 0.0, 0.0 ]
        }
    },
    "poses": {
        "standing": {
            "size": [ 0.6, 1.7, 0.6 ],
            "limbs": {
                "limb_3": {
                    "translate": [ 2.0, 6.0, -4.0 ]
                },
                "limb_4": {
                    "translate": [ -2.0, 6.0, -4.0 ]
                },
                "limb_1": {
                    "translate": [ -0.0, 18.0, -0.0 ]
                },
                "limb_2": {
                    "translate": [ -0.0, 18.0, -0.0 ]
                },
                "limb_0": {
                    "translate": [ -0.0, 18.0, -0.0 ]
                },
                "limb_5": {
                    "translate": [ 2.0, 6.0, 4.0 ]
                },
                "limb_6": {
                    "translate": [ -2.0, 6.0, 4.0 ]
                }
            }
        },
        "flying": {
            "size": [ 0.6, 1.7, 0.6 ],
            "limbs": {
                "limb_3": {
                    "translate": [ 2.0, 6.0, -4.0 ]
                },
                "limb_4": {
                    "translate": [ -2.0, 6.0, -4.0 ]
                },
                "limb_1": {
                    "translate": [ -0.0, 18.0, -0.0 ]
                },
                "limb_2": {
                    "translate": [ -0.0, 18.0, -0.0 ]
                },
                "limb_0": {
                    "translate": [ -0.0, 18.0, -0.0 ]
                },
                "limb_5": {
                    "translate": [ 2.0, 6.0, 4.0 ]
                },
                "limb_6": {
                    "translate": [ -2.0, 6.0, 4.0 ]
                }
            }
        },
        "sneaking": {
            "size": [ 0.6, 1.7, 0.6 ],
            "limbs": {
                "limb_3": {
                    "translate": [ 2.0, 6.0, -4.0 ]
                },
                "limb_4": {
                    "translate": [ -2.0, 6.0, -4.0 ]
                },
                "limb_1": {
                    "translate": [ -0.0, 18.0, -0.0 ]
                },
                "limb_2": {
                    "translate": [ -0.0, 18.0, -0.0 ]
                },
                "limb_0": {
                    "translate": [ -0.0, 18.0, -0.0 ]
                },
                "limb_5": {
                    "translate": [ 2.0, 6.0, 4.0 ]
                },
                "limb_6": {
                    "translate": [ -2.0, 6.0, 4.0 ]
                }
            }
        },
        "sleeping": {
            "size": [ 0.6, 1.7, 0.6 ],
            "limbs": {
                "limb_3": {
                    "translate": [ 2.0, 6.0, -4.0 ]
                },
                "limb_4": {
                    "translate": [ -2.0, 6.0, -4.0 ]
                },
                "limb_1": {
                    "translate": [ -0.0, 18.0, -0.0 ]
                },
                "limb_2": {
                    "translate": [ -0.0, 18.0, -0.0 ]
                },
                "limb_0": {
                    "translate": [ -0.0, 18.0, -0.0 ]
                },
                "limb_5": {
                    "translate": [ 2.0, 6.0, 4.0 ]
                },
                "limb_6": {
                    "translate": [ -2.0, 6.0, 4.0 ]
                }
            }
        }
    }
}