{
    "forge_marker": 1,
    "defaults": {"model":"cube_all"},
    "variants": {
        "scaffoldlarge": [{"textures":{"all":"chisel:blocks/technical/new/scaffoldlarge"}}],
        "piping": [{"textures":{"all":"chisel:blocks/technical/new/piping"}}],
        "weatheredorangepanels": [{"textures":{"all":"chisel:blocks/technical/new/weatheredorangepanels"}}],
        "makeshiftpanels": [{"textures":{"all":"chisel:blocks/technical/new/makeshiftpanels"}}],
        "sturdy": [{"textures":{"all":"chisel:blocks/technical/new/sturdy"}}],
        "tapedrive": [{"textures":{"all":"chisel:blocks/technical/new/tapedrive"}}],
        "megacell": [{
            "model"   : "cube_bottom_top",
            "textures": {
                "side":     "chisel:blocks/technical/new/megacell-side",
                "bottom":   "chisel:blocks/technical/new/megacell-bottom",
                "top" :     "chisel:blocks/technical/new/megacell-top"
            }
        }],
        "engineering": [{"textures":{"all":"chisel:blocks/technical/new/engineering"}}],
        "weatheredgreenpanels": [{"textures":{"all":"chisel:blocks/technical/new/weatheredgreenpanels"}}],
        "oldetimeyserveranim": [{"textures":{"all":"chisel:blocks/technical/new/oldetimeyserveranim"}}],
        "exhaustplating": [{"textures":{"all":"chisel:blocks/technical/new/exhaustplating"}}]
    }
}