{
  "forge_marker": 1,
  "defaults": {
    "transform": "forge:default-item",
    "uvlock": true,
    "textures": {
      "edge": "chisel:blocks/glass_stained/lightblue/streaks",
      "pane": "chisel:blocks/glass_stained/lightblue/streaks"
    }
  },
  "variants": {
    "inventory": [{ "model": "chisel:pane/ew" }],
    "east=false,north=false,south=false,west=false": { "model": "chisel:pane/post" },

    "east=false,north=true,south=false,west=false" : { "model": "chisel:pane/n" },
    "east=true,north=false,south=false,west=false" : { "model": "chisel:pane/locked_e" },
    "east=false,north=false,south=true,west=false" : { "model": "chisel:pane/s" },
    "east=false,north=false,south=false,west=true" : { "model": "chisel:pane/locked_w" },

    "east=true,north=true,south=false,west=false"  : { "model": "chisel:pane/locked_ne" },
    "east=true,north=false,south=true,west=false"  : { "model": "chisel:pane/locked_se" },
    "east=false,north=false,south=true,west=true"  : { "model": "chisel:pane/locked_sw" },
    "east=false,north=true,south=false,west=true"  : { "model": "chisel:pane/locked_nw" },

    "east=false,north=true,south=true,west=false"  : { "model": "chisel:pane/ns" },
    "east=true,north=false,south=false,west=true"  : { "model": "chisel:pane/locked_ew" },

    "east=true,north=true,south=true,west=false"   : { "model": "chisel:pane/locked_nse" },
    "east=true,north=false,south=true,west=true"   : { "model": "chisel:pane/locked_sew" },
    "east=false,north=true,south=true,west=true"   : { "model": "chisel:pane/locked_nsw" },
    "east=true,north=true,south=false,west=true"   : { "model": "chisel:pane/locked_new" },

    "east=true,north=true,south=true,west=true"    : { "model": "chisel:pane/locked_nsew" }
  }
}
