{
	"format_version": "1.12.0",
	"minecraft:geometry": [
		{
			"description": {
				"identifier": "geometry.vent ",
				"texture_width": 16,
				"texture_height": 16,
				"visible_bounds_width": 4,
				"visible_bounds_height": 2.5,
				"visible_bounds_offset": [0, 0.75, 0]
			},
			"bones": [
				{
					"name": "bb_main",
					"pivot": [0, 0, 0],
					"cubes": [
						{
							"origin": [-24, 0, -8],
							"size": [48, 4, 0],
							"uv": {
								"north": {"uv": [0, 0], "uv_size": [16, 4]},
								"east": {"uv": [0, 0], "uv_size": [0, 4]},
								"south": {"uv": [0, 0], "uv_size": [16, 4]},
								"west": {"uv": [0, 0], "uv_size": [0, 4]},
								"up": {"uv": [16, 0], "uv_size": [-16, 0]},
								"down": {"uv": [16, 0], "uv_size": [-16, 0]}
							}
						}
					]
				},
				{
					"name": "bone",
					"pivot": [-23.7, 2, -8],
					"cubes": [
						{
							"origin": [-23.7, 0.3, -8.1],
							"size": [0.3, 3.4, 0],
							"uv": {
								"north": {"uv": [0, 12.6], "uv_size": [16, 3.4]},
								"east": {"uv": [0, 12.6], "uv_size": [16, 3.4]},
								"south": {"uv": [0, 12.6], "uv_size": [16, 3.4]},
								"west": {"uv": [0, 12.6], "uv_size": [16, 3.4]},
								"up": {"uv": [16, 16], "uv_size": [-16, -3.4]},
								"down": {"uv": [16, 16], "uv_size": [-16, -3.4]}
							}
						}
					]
				}
			]
		}
	]
}