{
  "parent": "block/thin_block",
  "textures": {
	"particle": "#all"
  },
  "elements": [
    {
      "from": [  0, 0,  0 ],
      "to":   [ 16, 1, 16 ],
      "faces": {
        "down" : { "uv": [ 0,  0, 16, 16 ], "texture": "#all", "cullface": "down" , "tintindex": 0 },
        "up"   : { "uv": [ 0,  0, 16, 16 ], "texture": "#all"                     , "tintindex": 0 },
        "north": { "uv": [ 0, 15, 16, 16 ], "texture": "#all", "cullface": "north"                 },
        "south": { "uv": [ 0, 15, 16, 16 ], "texture": "#all", "cullface": "south"                 },
        "west" : { "uv": [ 0, 15, 16, 16 ], "texture": "#all", "cullface": "west"                  },
        "east" : { "uv": [ 0, 15, 16, 16 ], "texture": "#all", "cullface": "east"                  }
      }
    }
  ],
  "ctm_version": 1,
  "ctm_overrides": {
    "0": {
      "type": "ctm",
      "textures": [
        "#all_ctm"
      ],
      "extra": {
      	"connect_inside": true
      }
    }
  }
}