{
  "forge_marker": 1,
  "defaults": { "model": "cube_all" },
  "variants": {
    "array"         : [{ "textures": { "all": "chisel:blocks/andesite/array"          } }],
    "braid"         : [{ "textures": { "all": "chisel:blocks/andesite/braid"          } }],
    "bricks-chaotic": [{ "textures": { "all": "chisel:blocks/andesite/bricks-chaotic" } }],
    "bricks-cracked": [{ "textures": { "all": "chisel:blocks/andesite/bricks-cracked" } }],
    "bricks-encased": [{ "textures": { "all": "chisel:blocks/andesite/bricks-encased" } }],
    "bricks-small"  : [{ "textures": { "all": "chisel:blocks/andesite/bricks-small"   } }],
    "bricks-soft"   : [{ "textures": { "all": "chisel:blocks/andesite/bricks-soft"    } }],
    "bricks-solid"  : [{ "textures": { "all": "chisel:blocks/andesite/bricks-solid"   } }],
    "bricks-triple" : [{ "textures": { "all": "chisel:blocks/andesite/bricks-triple"  } }],
    "chaotic-medium": [{ "textures": { "all": "chisel:blocks/andesite/chaotic-medium" } }],
    "chaotic-small" : [{ "textures": { "all": "chisel:blocks/andesite/chaotic-small"  } }],
    "circular"      : [{ "textures": { "all": "chisel:blocks/andesite/circular"       } }],
    "circularct"    : [{
      "model"   : "chisel:cube_ctm",
      "textures": {
        "all"          : "chisel:blocks/andesite/circular",
        "connected_tex": "chisel:blocks/andesite/circular-ctm"
      }
    }],
    "cracked"       : [{ "textures": { "all": "chisel:blocks/andesite/cracked"        } }],
    "cuts"          : [{ "textures": { "all": "chisel:blocks/andesite/cuts"           } }],
    "dent"          : [{ "textures": { "all": "chisel:blocks/andesite/dent"           } }],
    "emboss"        : [{ "textures": { "all": "chisel:blocks/andesite/emboss"         } }],
    "french-1"      : [{ "textures": { "all": "chisel:blocks/andesite/french-1"       } }],
    "french-2"      : [{ "textures": { "all": "chisel:blocks/andesite/french-2"       } }],
    "indent"        : [{ "textures": { "all": "chisel:blocks/andesite/indent"         } }],
    "jellybean"     : [{ "textures": { "all": "chisel:blocks/andesite/jellybean"      } }],
    "largeornate"   : [{ "textures": { "all": "chisel:blocks/andesite/largeornate"    } }],
    "layers"        : [{ "textures": { "all": "chisel:blocks/andesite/layers"         } }],
    "marker"        : [{ "textures": { "all": "chisel:blocks/andesite/marker"         } }],
    "mosaic"        : [{ "textures": { "all": "chisel:blocks/andesite/mosaic"         } }],
    "panel"         : [{ "textures": { "all": "chisel:blocks/andesite/panel"          } }],
    "pillar"        : [{
      "model"   : "cube_column",
      "textures": {
        "side": "chisel:blocks/andesite/pillar-side",
        "end" : "chisel:blocks/andesite/pillar-top"
      }
    }],
    "prism"         : [{ "textures": { "all": "chisel:blocks/andesite/prism"          } }],
    "ornate"        : [{ "textures": { "all": "chisel:blocks/andesite/ornate"         } }],
    "road"          : [{ "textures": { "all": "chisel:blocks/andesite/road"           } }],
    "raw"           : [{ "textures": { "all": "chisel:blocks/andesite/extra/raw"      } }],
    "tiles-large"   : [{ "textures": { "all": "chisel:blocks/andesite/tiles-large"    } }],
    "tiles-medium"  : [{ "textures": { "all": "chisel:blocks/andesite/tiles-medium"   } }],
    "tiles-small"   : [{ "textures": { "all": "chisel:blocks/andesite/tiles-small"    } }],
    "twisted"       : [{
      "model"   : "cube_column",
      "textures": {
        "side": "chisel:blocks/andesite/twisted-side",
        "end" : "chisel:blocks/andesite/twisted-top"
      }
    }],
    "slanted"       : [{ "textures": { "all": "chisel:blocks/andesite/slanted"        } }],
    "weaver"        : [{ "textures": { "all": "chisel:blocks/andesite/weaver"         } }],
    "zag"           : [{ "textures": { "all": "chisel:blocks/andesite/zag"            } }]
  }
}