{
    "forge_marker": 1,
    "defaults": { "model": "cube_all" },
    "variants": {
        "array"         : [{ "textures": { "all": "chisel:blocks/coal/charcoal/array"          } }],
        "braid"         : [{ "textures": { "all": "chisel:blocks/coal/charcoal/braid"          } }],
        "bricks-chaotic": [{ "textures": { "all": "chisel:blocks/coal/charcoal/bricks-chaotic" } }],
        "bricks-cracked": [{ "textures": { "all": "chisel:blocks/coal/charcoal/bricks-cracked" } }],
        "bricks-encased": [{ "textures": { "all": "chisel:blocks/coal/charcoal/bricks-encased" } }],
        "bricks-small"  : [{ "textures": { "all": "chisel:blocks/coal/charcoal/bricks-small"   } }],
        "bricks-soft"   : [{ "textures": { "all": "chisel:blocks/coal/charcoal/bricks-soft"    } }],
        "bricks-solid"  : [{ "textures": { "all": "chisel:blocks/coal/charcoal/bricks-solid"   } }],
        "bricks-triple" : [{ "textures": { "all": "chisel:blocks/coal/charcoal/bricks-triple"  } }],
        "chaotic-medium": [{ "textures": { "all": "chisel:blocks/coal/charcoal/chaotic-medium" } }],
        "chaotic-small" : [{ "textures": { "all": "chisel:blocks/coal/charcoal/chaotic-small"  } }],
        "circular"      : [{ "textures": { "all": "chisel:blocks/coal/charcoal/circular"       } }],
        "circularct"    : [{
            "model"   : "chisel:cube_ctm",
            "textures": {
                "all"          : "chisel:blocks/coal/charcoal/circular",
                "connected_tex": "chisel:blocks/coal/charcoal/circular-ctm"
            }
        }],
        "cracked"       : [{ "textures": { "all": "chisel:blocks/coal/charcoal/cracked"        } }],
        "cuts"          : [{ "textures": { "all": "chisel:blocks/coal/charcoal/cuts"           } }],
        "dent"          : [{ "textures": { "all": "chisel:blocks/coal/charcoal/dent"           } }],
        "emboss"        : [{ "textures": { "all": "chisel:blocks/coal/charcoal/emboss"         } }],
        "french-1"      : [{ "textures": { "all": "chisel:blocks/coal/charcoal/french-1"       } }],
        "french-2"      : [{ "textures": { "all": "chisel:blocks/coal/charcoal/french-2"       } }],
        "indent"        : [{ "textures": { "all": "chisel:blocks/coal/charcoal/indent"         } }],
        "jellybean"     : [{ "textures": { "all": "chisel:blocks/coal/charcoal/jellybean"      } }],
        "largeornate"   : [{ "textures": { "all": "chisel:blocks/coal/charcoal/largeornate"    } }],
        "layers"        : [{ "textures": { "all": "chisel:blocks/coal/charcoal/layers"         } }],
        "marker"        : [{ "textures": { "all": "chisel:blocks/coal/charcoal/marker"         } }],
        "mosaic"        : [{ "textures": { "all": "chisel:blocks/coal/charcoal/mosaic"         } }],
        "panel"         : [{ "textures": { "all": "chisel:blocks/coal/charcoal/panel"          } }],
        "pillar"        : [{
            "model"   : "cube_column",
            "textures": {
                "side": "chisel:blocks/coal/charcoal/pillar-side",
                "end" : "chisel:blocks/coal/charcoal/pillar-top"
            }
        }],
        "prism"         : [{ "textures": { "all": "chisel:blocks/coal/charcoal/prism"          } }],
        "ornate"        : [{ "textures": { "all": "chisel:blocks/coal/charcoal/ornate"         } }],
        "road"          : [{ "textures": { "all": "chisel:blocks/coal/charcoal/road"           } }],
        "raw"           : [{ "textures": { "all": "chisel:blocks/coal/charcoal/raw"            } }],
        "tiles-large"   : [{ "textures": { "all": "chisel:blocks/coal/charcoal/tiles-large"    } }],
        "tiles-medium"  : [{ "textures": { "all": "chisel:blocks/coal/charcoal/tiles-medium"   } }],
        "tiles-small"   : [{ "textures": { "all": "chisel:blocks/coal/charcoal/tiles-small"    } }],
        "twisted"       : [{
            "model"   : "cube_column",
            "textures": {
                "side": "chisel:blocks/coal/charcoal/twisted-side",
                "end" : "chisel:blocks/coal/charcoal/twisted-top"
            }
        }],
        "slanted"       : [{ "textures": { "all": "chisel:blocks/coal/charcoal/slanted"        } }],
        "weaver"        : [{ "textures": { "all": "chisel:blocks/coal/charcoal/weaver"         } }],
        "zag"           : [{ "textures": { "all": "chisel:blocks/coal/charcoal/zag"            } }]
    }
}