{
  "forge_marker": 1,
  "defaults": {
    "model": "chisel:cube_2_layer_sides",
    "textures": { "all": "blocks/planks_acacia" }
  },
  "variants": {
    "abandoned"         : [{ "textures": { "side": "chisel:blocks/bookshelf/abandoned"          } }],
    "brim"              : [{ "textures": { "side": "chisel:blocks/bookshelf/brim"               } }],
    "cans"              : [{ "textures": { "side": "chisel:blocks/bookshelf/cans"               } }],
    "default"           : [{ "textures": { "side": "chisel:blocks/bookshelf/default"            } }],
    "historician"       : [{ "textures": { "side": "chisel:blocks/bookshelf/historician"        } }],
    "hoarder"           : [{ "textures": { "side": "chisel:blocks/bookshelf/hoarder"            } }],
    "necromancer"       : [{ "textures": { "side": "chisel:blocks/bookshelf/necromancer"        } }],
    "necromancer-novice": [{ "textures": { "side": "chisel:blocks/bookshelf/necromancer-novice" } }],
    "rainbow"           : [{ "textures": { "side": "chisel:blocks/bookshelf/rainbow"            } }],
    "redtomes"          : [{ "textures": { "side": "chisel:blocks/bookshelf/redtomes"           } }],
    "papers"            : [{ "textures": { "side": "chisel:blocks/bookshelf/papers"             } }]
  }
}