{
    "forge_marker": 1,
    "defaults": {"model":"cube_all"},
    "variants": {
        "black":     [{ "textures": { "all": "chisel:blocks/concrete_powder/black"     } }],
        "blue":      [{ "textures": { "all": "chisel:blocks/concrete_powder/blue"      } }],
        "brown":     [{ "textures": { "all": "chisel:blocks/concrete_powder/brown"     } }],
        "cyan":      [{ "textures": { "all": "chisel:blocks/concrete_powder/cyan"      } }],
        "gray":      [{ "textures": { "all": "chisel:blocks/concrete_powder/gray"      } }],
        "green":     [{ "textures": { "all": "chisel:blocks/concrete_powder/green"     } }],
        "lightblue": [{ "textures": { "all": "chisel:blocks/concrete_powder/lightblue" } }],
        "lightgray": [{ "textures": { "all": "chisel:blocks/concrete_powder/lightgray" } }],
        "lime":      [{ "textures": { "all": "chisel:blocks/concrete_powder/lime"      } }],
        "magenta":   [{ "textures": { "all": "chisel:blocks/concrete_powder/magenta"   } }],
        "orange":    [{ "textures": { "all": "chisel:blocks/concrete_powder/orange"    } }],
        "pink":      [{ "textures": { "all": "chisel:blocks/concrete_powder/pink"      } }],
        "purple":    [{ "textures": { "all": "chisel:blocks/concrete_powder/purple"    } }],
        "red":       [{ "textures": { "all": "chisel:blocks/concrete_powder/red"       } }],
        "white":     [{ "textures": { "all": "chisel:blocks/concrete_powder/white"     } }],
        "yellow":    [{ "textures": { "all": "chisel:blocks/concrete_powder/yellow"    } }]
    }
}