{
    "forge_marker": 1,
    "defaults": {"model":"cube_all"},
    "variants": {
        "bricks"              : [{ "textures": { "all": "chisel:blocks/dirt/bricks"               } }],
        "bricks3"             : [{ "textures": { "all": "chisel:blocks/dirt/bricks3"              } }],
        "bricks2"             : [{ "textures": { "all": "chisel:blocks/dirt/bricks2"              } }],
        "reinforceddirt"      : [{ "textures": { "all": "chisel:blocks/dirt/reinforcedDirt"       } }],
        "vert"                : [{ "textures": { "all": "chisel:blocks/dirt/vert-top"             } }],
        "happy"               : [{ "textures": { "all": "chisel:blocks/dirt/happy"                } }],
        "hor"                 : [{
            "model"   : "cube_column",
            "textures": {
                "side": "chisel:blocks/dirt/hor-ctmh",
                "end" : "chisel:blocks/dirt/hor-top"
            }
        }],
        "plate"               : [{ "textures": { "all": "chisel:blocks/dirt/plate"                } }],
        "vertical"            : [{ "textures": { "all": "chisel:blocks/dirt/vertical-top"         } }],
        "chunky"              : [{ "textures": { "all": "chisel:blocks/dirt/chunky"               } }],
        "horizontal"          : [{ "textures": { "all": "chisel:blocks/dirt/horizontal"           } }],
        "reinforcedcobbledirt": [{ "textures": { "all": "chisel:blocks/dirt/reinforcedCobbleDirt" } }],
        "layers"              : [{ "textures": { "all": "chisel:blocks/dirt/layers"               } }],
        "netherbricks"        : [{ "textures": { "all": "chisel:blocks/dirt/netherbricks"         } }],
        "bricks+dirt2"        : [{ "textures": { "all": "chisel:blocks/dirt/bricks+dirt2-top"     } }],
        "cobble"              : [{ "textures": { "all": "chisel:blocks/dirt/cobble"               } }]
    }
}