{
  "forge_marker": 1,
  "defaults": { "model": "cube_all" },
  "variants": {
    "circuit"       : [{ "textures": { "all": "chisel:blocks/factory/circuit"        } }],
    "column"        : [{ "textures": { "all": "chisel:blocks/factory/column-top"     } }],
    "dots"          : [{ "textures": { "all": "chisel:blocks/factory/dots"           } }],
    "frameblue"     : [{ "textures": { "all": "chisel:blocks/factory/frameblue"      } }],
    "goldplate"     : [{ "textures": { "all": "chisel:blocks/factory/goldplate"      } }],
    "goldplating"   : [{ "textures": { "all": "chisel:blocks/factory/goldplating"    } }],
    "grinder"       : [{ "textures": { "all": "chisel:blocks/factory/grinder"        } }],
    "hazard"        : [{ "textures": { "all": "chisel:blocks/factory/hazard"         } }],
    "hazardorange"  : [{ "textures": { "all": "chisel:blocks/factory/hazardorange"   } }],
    "iceiceice"     : [{ "textures": { "all": "chisel:blocks/factory/iceiceice"      } }],
    "metalbox"      : [{
      "model"   : "cube_column",
      "textures": {
        "side": "chisel:blocks/factory/metalbox-side",
        "end" : "chisel:blocks/factory/metalbox-top"
      }
    }],
    "platex"        : [{ "textures": { "all": "chisel:blocks/factory/platex"         } }],
    "plating"       : [{ "textures": { "all": "chisel:blocks/factory/plating"        } }],
    "rust"          : [{ "textures": { "all": "chisel:blocks/factory/rust"           } }],
    "rust2"         : [{ "textures": { "all": "chisel:blocks/factory/rust2"          } }],
    "rustplates"    : [{ "textures": { "all": "chisel:blocks/factory/rustplates"     } }],
    "tilemosaic"    : [{ "textures": { "all": "chisel:blocks/factory/tilemosaic"     } }],
    "wireframe"     : [{ "textures": { "all": "chisel:blocks/factory/wireframe"      } }],
    "wireframeblue" : [{ "textures": { "all": "chisel:blocks/factory/wireframeblue"  } }],
    "wireframewhite": [{ "textures": { "all": "chisel:blocks/factory/wireframewhite" } }],
    "vent"          : [{ "textures": { "all": "chisel:blocks/factory/vent-top"       } }]
  }
}