{
    "forge_marker": 1,
    "defaults": {"model":"cube_all"},
    "variants": {
        "convexplain": [{"textures":{"all":"chisel:blocks/icepillar/convexplain-top"}}],
        "plaingreek": [{"textures":{"all":"chisel:blocks/icepillar/plaingreek-top"}}],
        "plainplain": [{"textures":{"all":"chisel:blocks/icepillar/plainplain-top"}}],
        "greekgreek": [{"textures":{"all":"chisel:blocks/icepillar/greekgreek-top"}}],
        "carved": [{
            "model"   : "cube_column",
            "textures": {
                "side": "chisel:blocks/icepillar/carved-side",
                "end" : "chisel:blocks/icepillar/carved-top"
            }
        }],
        "ornamental": [{
            "model"   : "cube_column",
            "textures": {
                "side": "chisel:blocks/icepillar/ornamental-side",
                "end" : "chisel:blocks/icepillar/ornamental-top"
            }
        }],
        "greekplain": [{"textures":{"all":"chisel:blocks/icepillar/greekplain-top"}}]
    }
}