{
    "forge_marker": 1,
    "defaults": { "model": "cube_all" },
    "variants": {
        "plaingreek": [{ "textures": { "all": "chisel:blocks/marblepillar/plaingreek-top" }}],
        "rough"     : [{ "textures": { "all": "chisel:blocks/marblepillar/rough-top"      }}],
        "wideplain" : [{ "textures": { "all": "chisel:blocks/marblepillar/wideplain-top"  }}],
        "greekgreek": [{ "textures": { "all": "chisel:blocks/marblepillar/greekgreek-top" }}],
        "simple"    : [{ "textures": { "all": "chisel:blocks/marblepillar/simple-top"     }}],
        "ornamental": [{
            "model"   : "cube_column",
            "textures": {
                "side": "chisel:blocks/marblepillar/ornamental-side",
                "end" : "chisel:blocks/marblepillar/ornamental-top"
            }
        }],
        "greekplain": [{ "textures": { "all": "chisel:blocks/marblepillar/greekplain-top" }}],
        "default"   : [{ "textures": { "all": "chisel:blocks/marblepillar/default-top"    }}],
        "plainplain": [{ "textures": { "all": "chisel:blocks/marblepillar/plainplain-top" }}],
        "pillar"    : [{ "textures": { "all": "chisel:blocks/marblepillar/pillar-top"     }}],
        "widedecor" : [{ "textures": { "all": "chisel:blocks/marblepillar/widedecor-top"  }}],
        "convex"    : [{ "textures": { "all": "chisel:blocks/marblepillar/convex-top"     }}],
        "widegreek" : [{ "textures": { "all": "chisel:blocks/marblepillar/widegreek-top"  }}],
        "greekdecor": [{ "textures": { "all": "chisel:blocks/marblepillar/greekdecor-top" }}],
        "carved"    : [{
            "model"   : "cube_column",
            "textures": {
                "side": "chisel:blocks/marblepillar/carved-side",
                "end" : "chisel:blocks/marblepillar/carved-top"
            }
        }],
        "plaindecor": [{ "textures": { "all": "chisel:blocks/marblepillar/plaindecor-top" }}]
    }
}