{
    "forge_marker": 1,
    "defaults": {"model":"cube_all"},
    "variants": {
        "intricate": [{"textures":{"all":"chisel:blocks/mazestone/intricate"}}],
        "mazestonediagonals": [{"textures":{"all":"chisel:blocks/mazestone/mazestoneDiagonals"}}],
        "masonrymazestone": [{"textures":{"all":"chisel:blocks/mazestone/masonryMazestone"}}],
        "cobbled": [{"textures":{"all":"chisel:blocks/mazestone/cobbled"}}],
        "circular": [{"textures":{"all":"chisel:blocks/mazestone/circular"}}],
        "prismaticmazestone": [{"textures":{"all":"chisel:blocks/mazestone/prismaticMazestone"}}],
        "prismatic": [{"textures":{"all":"chisel:blocks/mazestone/prismatic"}}]
    }
}