{
    "forge_marker": 1,
    "defaults": { "model": "cube_all" },
    "variants": {
        "blinds"         : [{ "textures": { "all": "chisel:blocks/planks-birch/blinds"          }}],
        "fancy"          : [{ "textures": { "all": "chisel:blocks/planks-birch/fancy"           }}],
        "large"          : [{ "textures": { "all": "chisel:blocks/planks-birch/large"           }}],
        "double"         : [{
            "model"   : "cube_column",
            "textures": {
                "side": "chisel:blocks/planks-birch/double-side",
                "end" : "chisel:blocks/planks-birch/double-top"
            }
        }],
        "crateex"        : [{ "textures": { "all": "chisel:blocks/planks-birch/crateex"         }}],
        "vertical"       : [{ "textures": { "all": "chisel:blocks/planks-birch/vertical"        }}],
        "crate"          : [{ "textures": { "all": "chisel:blocks/planks-birch/crate"           }}],
        "clean"          : [{ "textures": { "all": "chisel:blocks/planks-birch/clean"           }}],
        "parquet"        : [{ "textures": { "all": "chisel:blocks/planks-birch/parquet"         }}],
        "panel-nails"    : [{ "textures": { "all": "chisel:blocks/planks-birch/panel-nails"     }}],
        "vertical-uneven": [{ "textures": { "all": "chisel:blocks/planks-birch/vertical-uneven" }}],
        "chaotic"        : [{ "textures": { "all": "chisel:blocks/planks-birch/chaotic"         }}],
        "chaotic-hor"    : [{ "textures": { "all": "chisel:blocks/planks-birch/chaotic-hor"     }}],
        "crate-fancy"    : [{ "textures": { "all": "chisel:blocks/planks-birch/crate-fancy"     }}],
        "short"          : [{ "textures": { "all": "chisel:blocks/planks-birch/short"           }}]
    }
}