{
    "forge_marker": 1,
    "defaults": { "model": "cube_all" },
    "variants": {
        "array"         : [{ "textures": { "all": "chisel:blocks/purpur/array"          } }],
        "braid"         : [{ "textures": { "all": "chisel:blocks/purpur/braid"          } }],
        "bricks-chaotic": [{ "textures": { "all": "chisel:blocks/purpur/bricks-chaotic" } }],
        "bricks-cracked": [{ "textures": { "all": "chisel:blocks/purpur/bricks-cracked" } }],
        "bricks-encased": [{ "textures": { "all": "chisel:blocks/purpur/bricks-encased" } }],
        "bricks-small"  : [{ "textures": { "all": "chisel:blocks/purpur/bricks-small"   } }],
        "bricks-soft"   : [{ "textures": { "all": "chisel:blocks/purpur/bricks-soft"    } }],
        "bricks-solid"  : [{ "textures": { "all": "chisel:blocks/purpur/bricks-solid"   } }],
        "bricks-triple" : [{ "textures": { "all": "chisel:blocks/purpur/bricks-triple"  } }],
        "chaotic-medium": [{ "textures": { "all": "chisel:blocks/purpur/chaotic-medium" } }],
        "chaotic-small" : [{ "textures": { "all": "chisel:blocks/purpur/chaotic-small"  } }],
        "circular"      : [{ "textures": { "all": "chisel:blocks/purpur/circular"       } }],
        "circularct"    : [{
            "model"   : "chisel:cube_ctm",
            "textures": {
                "all"          : "chisel:blocks/purpur/circular",
                "connected_tex": "chisel:blocks/purpur/circular-ctm"
            }
        }],
        "cracked"       : [{ "textures": { "all": "chisel:blocks/purpur/cracked"        } }],
        "cuts"          : [{ "textures": { "all": "chisel:blocks/purpur/cuts"           } }],
        "dent"          : [{ "textures": { "all": "chisel:blocks/purpur/dent"           } }],
        "emboss"        : [{ "textures": { "all": "chisel:blocks/purpur/emboss"         } }],
        "french-1"      : [{ "textures": { "all": "chisel:blocks/purpur/french-1"       } }],
        "french-2"      : [{ "textures": { "all": "chisel:blocks/purpur/french-2"       } }],
        "indent"        : [{ "textures": { "all": "chisel:blocks/purpur/indent"         } }],
        "jellybean"     : [{ "textures": { "all": "chisel:blocks/purpur/jellybean"      } }],
        "largeornate"   : [{ "textures": { "all": "chisel:blocks/purpur/largeornate"    } }],
        "layers"        : [{ "textures": { "all": "chisel:blocks/purpur/layers"         } }],
        "marker"        : [{ "textures": { "all": "chisel:blocks/purpur/marker"         } }],
        "mosaic"        : [{ "textures": { "all": "chisel:blocks/purpur/mosaic"         } }],
        "panel"         : [{ "textures": { "all": "chisel:blocks/purpur/panel"          } }],
        "pillar"        : [{
            "model"   : "cube_column",
            "textures": {
                "side": "chisel:blocks/purpur/pillar-side",
                "end" : "chisel:blocks/purpur/pillar-top"
            }
        }],
        "prism"         : [{ "textures": { "all": "chisel:blocks/purpur/prism"          } }],
        "ornate"        : [{ "textures": { "all": "chisel:blocks/purpur/ornate"         } }],
        "road"          : [{ "textures": { "all": "chisel:blocks/purpur/road"           } }],
        "raw"           : [{ "textures": { "all": "chisel:blocks/purpur/extra/raw"      } }],
        "tiles-large"   : [{ "textures": { "all": "chisel:blocks/purpur/tiles-large"    } }],
        "tiles-medium"  : [{ "textures": { "all": "chisel:blocks/purpur/tiles-medium"   } }],
        "tiles-small"   : [{ "textures": { "all": "chisel:blocks/purpur/tiles-small"    } }],
        "twisted"       : [{
            "model"   : "cube_column",
            "textures": {
                "side": "chisel:blocks/purpur/twisted-side",
                "end" : "chisel:blocks/purpur/twisted-top"
            }
        }],
        "slanted"       : [{ "textures": { "all": "chisel:blocks/purpur/slanted"        } }],
        "weaver"        : [{ "textures": { "all": "chisel:blocks/purpur/weaver"         } }],
        "zag"           : [{ "textures": { "all": "chisel:blocks/purpur/zag"            } }]
    }
}