{
	"parent": "block/block",
	"textures": {
		"particle": "#base"
	},
	"elements": [
		{
			"from": [0, 0, 0],
			"to": [16, 16, 16],
			"faces": {
				"down":		{ "texture": "#base", 	"cullface": "down" 	},
				"up":		{ "texture": "#base", 	"cullface": "up" 	},
				"north": 	{ "texture": "#base", 	"cullface": "north" },
				"south": 	{ "texture": "#base", 	"cullface": "south" },
				"east": 	{ "texture": "#base", 	"cullface": "east"  },
				"west": 	{ "texture": "#base", 	"cullface": "west"  }
			}
		},	
		{
			"from": [0, 0, 0],
			"to": [16, 16, 16],
			"faces": {
				"north": 	{ "texture": "#overlay", 	"cullface": "north" },
				"south": 	{ "texture": "#overlay", 	"cullface": "south" },
				"east": 	{ "texture": "#overlay", 	"cullface": "east"  },
				"west": 	{ "texture": "#overlay", 	"cullface": "west"  }
			}
		}	
	]
}