{
	"format_version": "1.12.0",
	"minecraft:geometry": [
		{
			"description": {
				"identifier": "geometry.vent ",
				"texture_width": 16,
				"texture_height": 16,
				"visible_bounds_width": 2,
				"visible_bounds_height": 2.5,
				"visible_bounds_offset": [0, 0.75, 0]
			},
			"bones": [
				{
					"name": "group2",
					"pivot": [8, 0, -11],
					"cubes": [
						{
							"origin": [-2, 0, -4],
							"size": [4, 1, 3],
							"uv": {
								"north": {"uv": [0, 0], "uv_size": [4, 1]},
								"east": {"uv": [0, 0], "uv_size": [3, 1]},
								"south": {"uv": [0, 0], "uv_size": [4, 1]},
								"west": {"uv": [0, 0], "uv_size": [3, 1]},
								"up": {"uv": [4, 3], "uv_size": [-4, -3]},
								"down": {"uv": [4, 3], "uv_size": [-4, -3]}
							}
						},
						{
							"origin": [-1, 1, -3],
							"size": [2, 2, 1],
							"uv": {
								"north": {"uv": [0, 0], "uv_size": [2, 2]},
								"east": {"uv": [0, 0], "uv_size": [1, 2]},
								"south": {"uv": [0, 0], "uv_size": [2, 2]},
								"west": {"uv": [0, 0], "uv_size": [1, 2]},
								"up": {"uv": [2, 1], "uv_size": [-2, -1]},
								"down": {"uv": [2, 1], "uv_size": [-2, -1]}
							}
						},
						{
							"origin": [-3, 3, -4],
							"size": [6, 1, 3],
							"uv": {
								"north": {"uv": [0, 0], "uv_size": [6, 1]},
								"east": {"uv": [0, 0], "uv_size": [3, 1]},
								"south": {"uv": [0, 0], "uv_size": [6, 1]},
								"west": {"uv": [0, 0], "uv_size": [3, 1]},
								"up": {"uv": [6, 3], "uv_size": [-6, -3]},
								"down": {"uv": [6, 3], "uv_size": [-6, -3]}
							}
						},
						{
							"origin": [3, 3, -4],
							"size": [1, 8, 3],
							"uv": {
								"north": {"uv": [0, 0], "uv_size": [2.03125, 5.8125]},
								"east": {"uv": [0, 0.03125], "uv_size": [2.90625, 5.71875]},
								"south": {"uv": [0, 0], "uv_size": [2.03125, 5.8125]},
								"west": {"uv": [0, 0], "uv_size": [2.6875, 5.875]},
								"up": {"uv": [1, 3], "uv_size": [-1, -3]},
								"down": {"uv": [1, 3], "uv_size": [-1, -3]}
							}
						},
						{
							"origin": [-3, 10, -4],
							"size": [6, 1, 3],
							"uv": {
								"north": {"uv": [0, 0], "uv_size": [6, 1]},
								"east": {"uv": [0, 0], "uv_size": [3, 1]},
								"south": {"uv": [0, 0], "uv_size": [6, 1]},
								"west": {"uv": [0, 0], "uv_size": [3, 1]},
								"up": {"uv": [6, 3], "uv_size": [-6, -3]},
								"down": {"uv": [6, 3], "uv_size": [-6, -3]}
							}
						},
						{
							"origin": [-4, 3, -4],
							"size": [1, 8, 3],
							"uv": {
								"north": {"uv": [0, 0], "uv_size": [2.4375, 5.96875]},
								"east": {"uv": [0, 0], "uv_size": [3.40625, 5.84375]},
								"south": {"uv": [0, 0], "uv_size": [2.21875, 6.0625]},
								"west": {"uv": [0, 0], "uv_size": [3.59375, 5.9375]},
								"up": {"uv": [1, 3], "uv_size": [-1, -3]},
								"down": {"uv": [1, 3], "uv_size": [-1, -3]}
							}
						},
						{
							"origin": [-3, 4, -2],
							"size": [6, 6, 1],
							"uv": {
								"north": {"uv": [0, 0], "uv_size": [6, 6]},
								"east": {"uv": [0, 0], "uv_size": [1, 6]},
								"south": {"uv": [0, 0], "uv_size": [6, 6]},
								"west": {"uv": [0, 0], "uv_size": [1, 6]},
								"up": {"uv": [6, 1], "uv_size": [-6, -1]},
								"down": {"uv": [6, 1], "uv_size": [-6, -1]}
							}
						},
						{
							"origin": [-0.5, 5.75, -2.75],
							"size": [1, 2, 0.75],
							"uv": {
								"north": {"uv": [8.28125, 5.875], "uv_size": [1, 2]},
								"east": {"uv": [8.5, 5.96875], "uv_size": [0.75, 2]},
								"south": {"uv": [8.75, 6.03125], "uv_size": [1, 2]},
								"west": {"uv": [8.53125, 5.9375], "uv_size": [0.75, 2]},
								"up": {"uv": [1, 0.75], "uv_size": [-1, -0.75]},
								"down": {"uv": [9.4375, 7.125], "uv_size": [-1, -0.75]}
							}
						},
						{
							"origin": [-3, 4, -4],
							"size": [6, 6, 0],
							"uv": {
								"north": {"uv": [7.5, 9.75], "uv_size": [2, 2]},
								"east": {"uv": [0, 0], "uv_size": [0, 6]},
								"south": {"uv": [7.46875, 9.84375], "uv_size": [2, 1.84375]},
								"west": {"uv": [0, 0], "uv_size": [0, 6]},
								"up": {"uv": [6, 0], "uv_size": [-6, 0]},
								"down": {"uv": [6, 0], "uv_size": [-6, 0]}
							}
						}
					]
				},
				{
					"name": "group",
					"parent": "group2",
					"pivot": [0, 7, -2],
					"cubes": [
						{
							"origin": [-0.75, 4.5, -3],
							"size": [1.5, 1.75, 0.25],
							"uv": {
								"north": {"uv": [8.09375, 2.125], "uv_size": [1.9375, 3.65625]},
								"east": {"uv": [0, 0], "uv_size": [0.25, 5.5]},
								"south": {"uv": [0, 0], "uv_size": [1.5, 5.5]},
								"west": {"uv": [0, 0], "uv_size": [0.25, 5.5]},
								"up": {"uv": [1.5, 0.25], "uv_size": [-1.5, -0.25]},
								"down": {"uv": [1.5, 0.25], "uv_size": [-1.5, -0.25]}
							}
						},
						{
							"origin": [-0.75, 7.75, -3],
							"size": [1.5, 1.75, 0.25],
							"uv": {
								"north": {"uv": [8.09375, 2.125], "uv_size": [1.9375, 3.65625]},
								"east": {"uv": [0, 0], "uv_size": [0.25, 5.5]},
								"south": {"uv": [0, 0], "uv_size": [1.5, 5.5]},
								"west": {"uv": [0, 0], "uv_size": [0.25, 5.5]},
								"up": {"uv": [1.5, 0.25], "uv_size": [-1.5, -0.25]},
								"down": {"uv": [1.5, 0.25], "uv_size": [-1.5, -0.25]}
							}
						},
						{
							"origin": [0.65, 6.25, -3],
							"size": [2.1, 1.5, 0.25],
							"uv": {
								"north": {"uv": [8.40625, 1.84375], "uv_size": [2.21875, 3.75]},
								"east": {"uv": [0, 0], "uv_size": [1.5, 0.25]},
								"south": {"uv": [0, 0], "uv_size": [1.5, 5.5]},
								"west": {"uv": [0, 0], "uv_size": [1.5, 0.25]},
								"up": {"uv": [0.25, 5.5], "uv_size": [-0.25, -5.5]},
								"down": {"uv": [0.25, 5.5], "uv_size": [-0.25, -5.5]}
							}
						},
						{
							"origin": [-0.75, 6.25, -3],
							"size": [1.49, 1.5, 0.25],
							"uv": {
								"north": {"uv": [8.09375, 6], "uv_size": [1.75, 1.71875]},
								"east": {"uv": [0, 0], "uv_size": [1.5, 0.25]},
								"south": {"uv": [8.0625, 6.28125], "uv_size": [1.9375, 1.1875]},
								"west": {"uv": [8.21875, 6.65625], "uv_size": [1.5, 0.25]},
								"up": {"uv": [9.90625, 7.65625], "uv_size": [-2.0625, -1.53125]},
								"down": {"uv": [10.0625, 7.5], "uv_size": [-2.125, -0.90625]}
							}
						},
						{
							"origin": [-2.75, 6.25, -3],
							"size": [2, 1.5, 0.25],
							"uv": {
								"north": {"uv": [8.40625, 1.84375], "uv_size": [2.21875, 3.75]},
								"east": {"uv": [0, 0], "uv_size": [1.5, 0.25]},
								"south": {"uv": [0, 0], "uv_size": [1.5, 5.5]},
								"west": {"uv": [0, 0], "uv_size": [1.5, 0.25]},
								"up": {"uv": [0.25, 5.5], "uv_size": [-0.25, -5.5]},
								"down": {"uv": [0.25, 5.5], "uv_size": [-0.25, -5.5]}
							}
						}
					]
				}
			]
		}
	]
}