{
  "parent": "block/block",
  "textures": {
    "frame": "chisel:blocks/autochisel/autochisel_frame",
    "side":  "chisel:blocks/autochisel/autochisel_side" ,
    "end":   "chisel:blocks/autochisel/autochisel_top"  ,
	"particle": "chisel:blocks/autochisel/autochisel_side"
  },
  "elements": [
    {
      "from": [ 0, 10, 0 ],
      "to":   [ 1, 16, 1 ],
      "faces": {
        "up":    { "texture": "#frame", "cullface": "up"    },
        "north": { "texture": "#frame", "cullface": "north" },
        "south": { "texture": "#frame"                      },
        "west":  { "texture": "#frame", "cullface": "west"  },
        "east":  { "texture": "#frame"                      }
      }
    },
    {
      "from": [ 15, 10, 0 ],
      "to":   [ 16, 16, 1 ],
      "faces": {
        "up":    { "texture": "#frame", "cullface": "up"    },
        "north": { "texture": "#frame", "cullface": "north" },
        "south": { "texture": "#frame"                      },
        "west":  { "texture": "#frame"                      },
        "east":  { "texture": "#frame", "cullface": "east"  }
      }
    },
    {
      "from": [ 0, 10, 15 ],
      "to":   [ 1, 16, 16 ],
      "faces": {
        "up":    { "texture": "#frame", "cullface": "up"    },
        "north": { "texture": "#frame"                      },
        "south": { "texture": "#frame", "cullface": "south" },
        "west":  { "texture": "#frame", "cullface": "west"  },
        "east":  { "texture": "#frame"                      }
      }
    },
    {
      "from": [ 15, 10, 15 ],
      "to":   [ 16, 16, 16 ],
      "faces": {
        "up":    { "texture": "#frame", "cullface": "up"    },
        "north": { "texture": "#frame"                      },
        "south": { "texture": "#frame", "cullface": "south" },
        "west":  { "texture": "#frame"                      },
        "east":  { "texture": "#frame", "cullface": "east"  }
      }
    },
    {
      "from": [  1, 15, 0 ],
      "to":   [ 15, 16, 1 ],
      "faces": {
        "down":  { "texture": "#frame"                      },
        "up":    { "texture": "#frame", "cullface": "up"    },
        "north": { "texture": "#frame", "cullface": "north" },
        "south": { "texture": "#frame" }
      }
    },
    {
      "from": [  1, 15, 15 ],
      "to":   [ 15, 16, 16 ],
      "faces": {
        "down":  { "texture": "#frame"                      },
        "up":    { "texture": "#frame", "cullface": "up"    },
        "north": { "texture": "#frame"                      },
        "south": { "texture": "#frame", "cullface": "south" }
      }
    },
    {
      "from": [ 0, 15,  1 ],
      "to":   [ 1, 16, 15 ],
      "faces": {
        "down":  { "texture": "#frame"                      },
        "up":    { "texture": "#frame", "cullface": "up"    },
        "west":  { "texture": "#frame", "cullface": "west"  },
        "east":  { "texture": "#frame"                      }
      }
    },
    {
      "from": [ 15, 15,  1 ],
      "to":   [ 16, 16, 15 ],
      "faces": {
        "down":  { "texture": "#frame"                      },
        "up":    { "texture": "#frame", "cullface": "up"    },
        "west":  { "texture": "#frame"                      },
        "east":  { "texture": "#frame", "cullface": "east"  }
      }
    },
    {
      "from": [  0,  0,  0 ],
      "to":   [ 16, 10, 16 ],
      "faces": {
        "down":  { "texture": "#end" , "cullface": "down"  },
        "up":    { "texture": "#end"                       },
        "north": { "texture": "#side", "cullface": "north" },
        "south": { "texture": "#side", "cullface": "south" },
        "west":  { "texture": "#side", "cullface": "west"  },
        "east":  { "texture": "#side", "cullface": "east"  }
      }
    }
  ]
}