{
  "forge_marker": 1,
  "defaults": {
    "transform": "forge:default-item",
    "textures": {
      "edge": "chisel:blocks/glass/edge_steel",
      "pane": "chisel:blocks/glass/a1-glasswindow-ironfencemodern"
    }
  },
  "variants": {
    "inventory": [{ "model": "chisel:pane/ew" }],
    "east=false,north=false,south=false,west=false": { "model": "chisel:pane/post" },

    "east=false,north=true,south=false,west=false" : { "model": "chisel:pane/n" },
    "east=true,north=false,south=false,west=false" : { "model": "chisel:pane/e" },
    "east=false,north=false,south=true,west=false" : { "model": "chisel:pane/s" },
    "east=false,north=false,south=false,west=true" : { "model": "chisel:pane/w" },

    "east=true,north=true,south=false,west=false"  : { "model": "chisel:pane/ne" },
    "east=true,north=false,south=true,west=false"  : { "model": "chisel:pane/se" },
    "east=false,north=false,south=true,west=true"  : { "model": "chisel:pane/sw" },
    "east=false,north=true,south=false,west=true"  : { "model": "chisel:pane/nw" },

    "east=false,north=true,south=true,west=false"  : { "model": "chisel:pane/ns" },
    "east=true,north=false,south=false,west=true"  : { "model": "chisel:pane/ew" },

    "east=true,north=true,south=true,west=false"   : { "model": "chisel:pane/nse" },
    "east=true,north=false,south=true,west=true"   : { "model": "chisel:pane/sew" },
    "east=false,north=true,south=true,west=true"   : { "model": "chisel:pane/nsw" },
    "east=true,north=true,south=false,west=true"   : { "model": "chisel:pane/new" },

    "east=true,north=true,south=true,west=true"    : { "model": "chisel:pane/nsew" }
  }
}
