{
  "parent": "block/block",
  "textures": {
  	"top": "chisel:blocks/cobblestonemossy/mossy",
  	"particle": "#bot"
  },
  "elements": [
    {
      "from": [  0,  0,  0 ],
      "to":   [ 16, 16, 16 ],
      "faces": {
        "down" : { "texture": "#bot", "cullface": "down"  , "tintindex": 0 },
        "up"   : { "texture": "#bot", "cullface": "up"    , "tintindex": 0 },
        "north": { "texture": "#bot", "cullface": "north" , "tintindex": 0 },
        "south": { "texture": "#bot", "cullface": "south" , "tintindex": 0 },
        "west" : { "texture": "#bot", "cullface": "west"  , "tintindex": 0 },
        "east" : { "texture": "#bot", "cullface": "east"  , "tintindex": 0 }
      }
    },
    {
      "from": [  0,  0,  0 ],
      "to":   [ 16, 16, 16 ],
      "faces": {
        "down" : { "texture": "#top", "cullface": "down"  },
        "up"   : { "texture": "#top", "cullface": "up"    },
        "north": { "texture": "#top", "cullface": "north" },
        "south": { "texture": "#top", "cullface": "south" },
        "west" : { "texture": "#top", "cullface": "west"  },
        "east" : { "texture": "#top", "cullface": "east"  }
      }
    }
  ],
  "ctm_version": 1,
  "ctm_overrides": {
    "0": {
      "type": "ctm",
      "textures": [
        "#connect_bot"
      ]
    }
  }
}