{
    "forge_marker": 1,
    "defaults": { "model":"cube_all" },
    "variants": {
        "streaks"     : [{ "textures": { "all": "chisel:blocks/glass_stained/green/streaks"      }}],
        "rough"       : [{ "textures": { "all": "chisel:blocks/glass_stained/green/rough"        }}],
        "framed"      : [{
            "model"   : "chisel:cube_ctm_translucent",
            "textures": {
                "all"          : "chisel:blocks/glass_stained/green/framed",
                "connected_tex": "chisel:blocks/glass_stained/green/framed_ct"
            }
        }],
        "framed_fancy": [{
            "model"   : "chisel:cube_ctm_translucent",
            "textures": {
                "all"          : "chisel:blocks/glass_stained/green/framed",
                "connected_tex": "chisel:blocks/glass_stained/green/framed_fancy_ct"
            }
        }],
        "brick"       : [{ "textures": { "all": "chisel:blocks/glass_stained/green/brick"        }}],
        "panel"       : [{ "textures": { "all": "chisel:blocks/glass_stained/green/panel"        }}]
    }
}