{
    "scheme": "1.3",
    "name": "clock2",
    "texture": [ 128, 128 ],
    "default": "b.a:clock/skins/diffuse6.png",
    "scale": [ 0.05, 0.05, 0.05 ],
    "providesObj": true,
    "legacyObj": false,
    "limbs": {
        "clock": {
            "size": [ 32, 32, 32 ],
            "texture": [ 0, 0 ],
            "anchor": [ 0.5, 0.5, 0.5 ],
            "origin": [ 0.0, 0.0, 0.0 ],
            "smooth": true
        }
    },
    "poses": {
        "standing": {
            "size": [ 1.0, 1.0, 1.0 ],
            "limbs": {
                "clock": {
                    "rotate": [ -33.0, 0.0, 0.0 ]
                }
            }
        },
        "flying": {
            "size": [ 1.0, 1.0, 1.0 ],
            "limbs": {}
        },
        "sneaking": {
            "size": [ 1.0, 1.0, 1.0 ],
            "limbs": {}
        },
        "riding": {
            "size": [ 1.0, 1.0, 1.0 ],
            "limbs": {}
        },
        "sleeping": {
            "size": [ 1.0, 1.0, 1.0 ],
            "limbs": {}
        }
    }
}